perturbagen	down-imputed	down-measured	up-imputed	up-measured
2	10	24	4	5
9	2	15	0	3
16	2	9	0	1
18	310	121	469	120
19	2	7	0	1
21	1	17	0	7
22	3	5	0	0
23	9	26	10	23
25	63	88	67	60
27	150	103	100	53
30	65	61	39	38
31	10	37	13	15
32	12	30	10	14
34	7	20	2	4
35	21	42	5	12
36	1	8	3	0
38	1	8	0	1
39	457	158	263	131
47	64	60	86	27
50	98	86	81	71
60	24	37	14	24
87	7	17	1	4
90	7	11	3	6
91	2	2	0	1
92	0	2	2	0
93	23	50	8	31
94	0	1	1	1
95	18	34	4	9
100	4	17	2	6
102	7	17	8	5
103	8	39	6	9
109	27	47	15	20
111	5	18	7	11
115	5	21	4	9
128	53	41	31	21
130	4	7	3	9
132	2	11	1	5
135	0	4	3	1
136	3	18	1	1
142	3	10	1	5
143	17	30	5	16
150	3	14	3	1
152	3	9	1	5
154	0	7	1	1
156	0	7	0	3
157	0	14	1	8
158	0	5	3	1
159	0	5	0	0
160	3	17	2	8
161	34	50	23	22
162	2	2	1	0
166	4	16	4	9
174	11	33	4	12
178	395	145	260	146
182	37	58	31	28
183	6	19	4	5
185	0	16	8	3
190	2	23	2	5
191	4	16	2	5
196	56	70	17	31
203	4	15	3	7
204	16	30	7	16
205	11	19	7	8
207	517	160	400	144
208	30	40	13	19
210	6	21	5	11
211	25	24	15	19
212	3	16	1	2
213	28	32	15	10
216	5	15	1	7
217	2	2	0	1
218	2	13	5	2
219	6	8	1	5
220	5	29	1	11
221	17	43	14	20
222	1	3	1	3
223	24	34	10	5
224	1	2	0	0
226	46	54	21	30
230	20	51	23	17
231	64	57	25	50
238	6	33	1	9
259	3	4	0	1
262	4	17	0	9
269	1	7	0	4
271	4	11	4	4
275	4	9	4	4
283	2	19	8	10
284	0	8	1	1
290	5	30	8	12
291	273	111	231	70
292	5	20	2	11
293	17	54	14	28
301	5	15	1	6
302	7	19	2	4
306	5	19	6	5
308	15	47	8	24
310	74	50	53	33
317	0	5	1	1
323	1	13	4	2
324	18	51	16	21
326	3	8	3	4
327	1	7	0	2
328	2	13	3	5
329	23	39	8	12
330	9	26	19	5
331	7	22	4	6
332	227	124	171	102
335	5	28	3	2
336	0	13	0	6
338	2	17	4	9
344	2	18	4	14
345	1	7	2	4
348	32	32	25	31
350	8	31	4	17
351	6	17	2	15
353	9	33	11	11
355	107	87	95	67
356	15	42	7	31
367	30	31	26	27
369	5	21	5	7
375	14	18	5	10
378	119	106	85	87
382	0	7	2	2
383	60	62	81	42
384	12	47	7	23
387	150	82	165	59
388	62	55	11	15
390	3	7	2	6
392	7	15	2	0
397	6	8	1	4
400	44	69	48	61
403	4	35	7	15
405	21	24	3	3
406	74	60	13	44
408	0	9	2	10
427	7	6	2	2
433	13	25	5	11
435	104	62	43	36
439	8	33	8	13
440	1	5	1	7
444	8	15	5	5
445	0	3	1	2
462	20	28	10	23
466	4	8	2	9
467	2	5	0	0
468	15	8	2	3
471	1	4	0	1
472	16	35	12	17
475	3	26	5	7
476	2	3	0	3
478	21	30	20	11
481	126	77	131	62
486	3	23	4	10
488	22	40	17	29
498	7	15	5	1
501	44	69	101	62
506	10	23	3	6
509	2	4	5	2
513	81	75	17	39
515	5	13	4	7
516	5	9	2	7
523	12	13	6	10
527	68	67	17	32
533	25	16	20	15
535	3	12	5	2
537	13	47	17	21
538	2	16	1	6
539	8	21	1	5
545	59	75	50	42
546	5	15	9	15
558	21	61	17	35
563	2	5	2	4
567	2	8	5	4
571	12	18	11	22
572	424	256	576	254
573	4	13	0	1
578	0	19	2	5
581	3	17	5	8
586	4	16	1	6
587	0	9	0	0
593	25	44	22	16
595	13	35	9	16
596	132	96	177	93
597	4	10	6	5
598	17	14	3	6
599	2	3	1	1
602	1	18	1	3
604	0	15	3	4
607	3	12	2	10
608	1	8	1	6
613	2	17	1	8
622	6	21	5	5
624	8	23	10	27
627	1	4	4	1
629	5	5	6	1
634	4	12	5	3
635	5	21	6	5
637	91	89	56	81
638	15	26	8	24
639	8	25	9	11
640	1	1	1	0
641	115	98	96	101
642	7	24	16	13
644	333	128	253	105
645	2	9	0	0
648	2	4	1	2
650	33	64	73	26
652	2	18	5	6
657	5	34	1	6
658	2	10	1	7
659	3	6	0	3
660	1	1	0	0
661	3	14	1	6
662	2	7	2	1
663	3	8	2	1
664	3	14	7	3
665	3	10	0	2
670	140	94	123	53
672	16	12	8	12
673	387	160	264	149
675	6	17	2	4
676	1	0	0	2
677	10	35	9	15
678	4	37	6	17
688	9	13	1	6
694	23	34	25	25
695	28	51	11	32
699	3	9	3	4
701	13	49	18	25
708	18	28	11	22
716	3	18	11	16
717	23	60	34	16
718	5	14	3	6
727	8	19	3	6
760	5	34	11	20
771	19	56	14	15
775	7	13	1	8
776	2	17	2	4
780	75	81	49	70
788	11	17	9	18
790	8	20	4	7
801	43	39	7	14
805	3	2	0	1
808	4	14	0	5
811	34	50	19	18
813	18	10	8	5
814	3	3	0	2
815	1	2	2	0
816	0	1	0	0
817	3	18	3	6
818	10	41	14	26
819	3	6	0	1
821	0	6	0	1
822	2	19	4	5
823	34	37	26	39
826	5	15	2	6
831	4	22	0	4
833	8	32	3	11
835	1	4	2	4
836	170	114	237	88
837	2	5	1	5
839	2	20	6	6
840	9	34	10	18
841	5	13	2	6
842	2	5	0	1
843	1	9	3	4
847	289	120	295	108
857	2	10	2	6
861	19	42	17	14
863	16	43	15	36
865	7	25	2	9
866	11	15	8	7
868	2	11	4	3
871	7	9	4	9
873	53	60	62	46
874	450	162	347	164
875	77	86	41	56
883	9	22	15	13
890	28	35	24	16
891	8	21	2	4
892	36	57	30	57
894	2	9	0	1
896	33	37	6	6
898	1	2	1	1
899	9	32	11	11
900	4	22	2	14
901	6	16	7	13
902	2	10	5	11
911	0	1	0	0
914	2	1	0	0
915	16	26	6	14
929	5	12	2	3
930	6	20	5	5
944	7	23	3	9
949	24	33	11	8
955	43	79	40	32
958	26	48	13	11
960	7	14	2	5
965	100	73	144	55
966	4	28	3	14
970	7	20	2	4
974	1	9	2	0
975	0	8	2	2
976	3	17	4	10
978	3	23	2	8
983	10	16	5	2
984	79	81	109	51
991	11	22	14	13
993	37	68	56	48
994	2	16	2	2
995	4	20	8	6
998	78	58	43	30
999	2	6	0	4
1001	3	12	2	4
1009	15	23	5	13
1017	51	65	30	36
1018	2	4	0	1
1019	183	69	42	39
1020	3	22	1	7
1021	15	60	17	40
1022	5	20	0	0
1024	19	41	13	20
1025	6	15	1	13
1026	333	97	314	76
1027	8	25	5	10
1028	5	18	6	9
1029	2	8	1	5
1030	1	11	3	2
1031	9	9	0	4
1036	6	22	6	25
1044	2	15	9	9
1045	0	18	0	1
1050	16	32	1	6
1051	7	7	1	1
1052	24	48	18	25
1054	43	46	33	30
1062	71	70	22	72
1066	0	17	2	6
1069	1	17	1	8
1070	9	20	6	8
1072	1	16	3	23
1080	15	28	10	12
1105	8	18	4	10
1108	10	26	3	7
1111	41	49	14	44
1112	11	12	6	4
1119	20	50	4	11
1120	8	27	3	12
1123	26	47	80	29
1128	3	10	2	5
1131	5	5	0	2
1147	2	6	1	1
1152	6	10	3	2
1153	14	35	12	10
1154	30	51	37	32
1155	4	22	2	9
1158	0	1	0	0
1159	1	16	1	3
1160	1	4	0	5
1163	6	24	6	5
1164	3	3	0	3
1173	4	10	2	18
1182	35	53	31	39
1184	22	35	5	15
1195	5	22	5	16
1196	5	14	3	4
1198	5	21	6	4
1201	4	12	7	4
1209	1	11	1	2
1211	1	8	2	2
1212	107	52	59	33
1213	1	7	2	6
1244	9	23	2	11
1263	6	8	0	7
1284	7	17	1	4
1287	42	45	18	32
1305	5	15	5	3
1312	6	25	4	10
1314	29	44	70	46
1316	6	10	2	4
1326	53	73	24	27
1327	3	16	1	3
1329	9	26	4	6
1345	0	8	4	1
1349	1	11	0	1
1356	0	4	1	5
1362	3	16	4	7
1363	45	45	4	21
1373	0	1	0	0
1374	1	8	3	5
1376	4	11	4	5
1381	1	13	4	10
1382	7	15	5	6
1384	2	15	1	3
1385	25	36	28	23
1386	2	7	0	2
1387	9	12	1	6
1389	29	52	58	39
1390	3	3	1	4
1398	4	13	1	4
1399	346	146	228	134
1407	4	2	2	3
1409	4	11	5	7
1429	10	27	3	4
1431	2	14	0	2
1432	26	39	15	29
1436	1	12	1	1
1440	8	20	6	8
1445	103	77	59	51
1452	22	48	11	14
1453	1	17	0	1
1454	293	128	122	148
1455	14	42	4	22
1456	29	59	26	47
1457	0	6	1	1
1459	10	23	4	8
1460	3	6	3	16
1462	3	11	2	3
1465	4	22	4	16
1468	5	19	2	14
1482	7	30	2	10
1487	4	16	1	5
1488	2	11	2	7
1490	3	14	3	5
1491	6	22	4	6
1493	10	13	5	9
1495	4	12	2	7
1497	3	20	3	6
1499	32	48	30	32
1500	4	14	3	14
1503	14	31	3	12
1504	68	57	94	39
1508	1	18	2	12
1509	12	17	6	5
1512	1	11	4	7
1513	63	86	69	61
1514	287	126	279	141
1515	1	14	1	8
1525	23	54	9	11
1528	14	42	6	10
1534	3	15	2	9
1537	2	10	0	4
1540	0	1	2	0
1543	11	26	11	11
1545	1	7	0	2
1577	5	14	2	5
1591	1	7	2	4
1594	6	9	1	8
1595	25	52	20	16
1604	0	4	1	3
1605	2	6	4	6
1606	6	11	4	5
1607	0	7	2	2
1608	1	1	0	2
1609	0	3	0	2
1611	16	27	7	11
1612	10	20	6	5
1613	28	53	25	37
1615	5	30	1	10
1616	21	41	7	14
1622	4	5	2	1
1632	2	12	7	9
1633	14	15	2	9
1635	3	11	2	2
1642	8	28	4	9
1643	96	78	58	47
1644	2	9	1	13
1645	14	23	4	18
1646	28	30	11	11
1647	3	17	5	6
1649	5	29	3	10
1650	3	10	3	6
1655	14	25	8	9
1659	4	12	16	14
1662	26	38	1	9
1666	49	46	38	34
1675	6	17	7	9
1676	2	8	6	4
1677	12	17	2	10
1716	1	1	0	0
1717	19	46	37	33
1718	7	23	5	12
1719	4	21	1	10
1725	12	24	12	18
1727	1	13	1	0
1728	96	64	62	47
1736	4	12	6	6
1737	5	8	3	8
1738	76	33	52	22
1739	0	0	0	2
1740	0	1	0	2
1741	0	2	0	1
1746	12	26	8	14
1747	11	31	12	22
1756	7	15	5	15
1759	12	23	2	9
1760	0	4	2	0
1763	5	10	4	14
1786	49	89	25	29
1788	3	20	2	4
1802	8	12	3	2
1803	3	11	5	6
1806	0	11	3	6
1810	6	20	3	10
1820	4	16	2	5
1821	0	2	0	0
1827	1	6	1	2
1829	4	25	4	8
1831	9	27	8	26
1837	57	70	29	48
1840	19	28	9	14
1841	1	19	0	3
1843	9	14	6	5
1844	2	4	1	2
1845	12	26	5	19
1848	2	14	3	3
1849	5	10	3	5
1852	4	12	2	6
1854	33	42	58	34
1855	5	11	4	4
1856	55	58	35	15
1857	2	13	4	7
1859	13	16	12	11
1861	5	13	3	11
1869	24	43	13	25
1871	2	17	2	0
1874	1	16	1	4
1875	48	60	28	35
1876	1	7	1	7
1879	0	5	4	6
1880	0	0	0	2
1891	9	14	1	7
1892	6	9	3	3
1902	4	11	4	3
1903	1	9	0	0
1906	11	35	8	19
1910	2	10	2	4
1936	1	16	2	0
1948	3	13	4	8
1949	12	39	10	12
1950	4	13	4	4
1951	8	17	5	10
1952	12	36	8	13
1955	213	98	122	69
1956	185	123	86	116
1958	1	6	1	5
1959	9	24	4	11
1960	8	11	0	7
1962	5	20	3	9
1969	87	50	71	48
1974	0	10	0	3
1975	3	17	1	2
1977	12	23	5	15
1978	30	35	29	23
1981	0	6	0	4
1983	3	2	1	4
1984	1	11	3	6
1994	10	27	4	11
1997	12	26	10	15
1999	3	10	0	6
2000	10	16	1	4
2002	14	34	7	15
2004	5	10	5	5
2010	2	10	1	4
2011	0	1	1	2
2015	21	37	9	15
2017	4	7	5	3
2021	9	28	1	5
2023	8	36	2	13
2030	3	22	4	17
2033	29	44	16	37
2034	22	39	22	23
2037	17	24	5	9
2041	0	1	0	0
2042	0	2	1	2
2043	0	1	0	0
2044	1	2	0	0
2045	1	1	0	1
2046	1	2	0	1
2047	1	7	1	4
2048	0	10	2	5
2049	0	0	1	1
2050	23	50	14	13
2051	0	6	3	0
2052	5	7	1	3
2053	3	5	2	6
2056	3	2	4	2
2057	8	15	9	14
2058	31	18	12	15
2059	11	30	11	9
2063	190	94	127	64
2064	68	75	58	42
2065	52	71	26	82
2066	13	36	8	22
2067	37	70	36	33
2068	0	7	4	7
2071	1	13	0	3
2072	8	11	4	7
2073	7	30	7	12
2077	1	5	2	2
2078	373	361	627	382
2079	13	46	2	26
2081	0	1	0	0
2098	1	12	3	8
2099	16	38	6	23
2100	70	76	27	47
2101	9	17	1	8
2108	6	26	3	12
2109	11	22	7	19
2113	6	16	0	8
2114	10	25	5	11
2115	15	30	30	13
2118	3	18	0	5
2119	1	4	1	12
2120	1	1	2	1
2122	9	29	9	7
2130	1	6	0	1
2131	18	29	16	15
2132	14	14	8	9
2138	1	6	1	2
2145	3	21	2	8
2146	385	165	615	189
2147	3	18	2	6
2149	7	25	7	14
2150	3	14	6	8
2152	12	25	6	7
2153	3	9	3	8
2155	13	21	3	6
2159	4	26	6	11
2160	9	23	0	4
2161	0	11	0	4
2166	3	19	1	6
2167	10	24	3	11
2168	1	7	2	4
2171	3	21	2	8
2172	6	15	4	10
2175	1	24	1	13
2180	19	32	20	25
2181	3	17	1	2
2182	7	19	7	16
2184	27	43	38	37
2185	1	7	3	4
2188	20	36	17	16
2189	5	19	1	3
2194	3	11	0	2
2195	18	54	13	16
2197	0	6	0	5
2203	16	36	8	30
2212	10	23	3	5
2222	105	83	37	35
2224	14	31	3	10
2230	45	45	33	38
2232	5	23	3	11
2235	19	51	13	42
2237	1	4	1	8
2241	1	9	1	7
2242	8	34	4	9
2243	10	21	5	10
2244	5	9	1	3
2247	5	15	2	1
2254	3	23	2	11
2255	0	10	2	2
2260	42	40	8	16
2261	2	15	0	4
2263	25	50	29	38
2264	2	11	1	1
2266	172	72	76	80
2268	1	1	0	1
2271	0	3	1	2
2274	54	65	88	36
2277	19	45	7	27
2280	5	9	3	6
2287	9	37	8	12
2288	8	12	0	9
2289	8	9	5	8
2295	10	33	5	9
2308	2	6	1	3
2309	55	69	20	42
2313	10	33	5	7
2321	3	8	3	3
2322	23	43	14	29
2324	12	32	5	7
2332	2	4	0	0
2335	3	18	5	10
2348	0	13	1	2
2353	108	89	114	76
2355	40	22	11	19
2356	13	33	10	7
2395	0	0	0	1
2444	0	1	0	1
2475	57	93	68	61
2494	0	18	7	1
2495	3	5	0	4
2512	11	16	4	13
2521	16	26	9	20
2523	33	47	16	20
2524	2	7	0	2
2534	5	23	1	0
2535	2	13	5	8
2538	5	32	3	19
2539	10	41	12	21
2542	2	14	4	7
2547	13	12	5	11
2548	53	68	50	42
2550	10	24	3	14
2553	10	25	7	15
2554	2	5	2	2
2558	0	3	2	3
2562	2	2	2	3
2565	2	6	5	5
2568	2	4	3	6
2580	2	4	0	1
2581	17	38	18	24
2582	41	39	68	36
2583	7	16	1	8
2584	0	4	1	1
2585	1	1	1	0
2588	5	29	2	12
2589	9	13	2	5
2592	4	10	7	5
2593	13	30	10	4
2597	10	24	5	7
2615	6	12	2	4
2617	3	11	3	5
2618	2	17	5	24
2621	1	9	1	4
2623	66	74	32	45
2624	8	26	6	17
2625	52	81	12	40
2627	6	46	7	27
2629	4	4	4	6
2634	69	68	52	93
2639	1	10	5	5
2643	2	20	1	3
2645	1	14	1	3
2646	2	0	0	1
2647	3	19	3	6
2664	15	36	9	25
2673	23	23	10	13
2674	10	16	8	17
2677	4	23	0	4
2678	11	33	10	6
2683	56	63	47	39
2690	3	7	0	0
2697	1	6	2	3
2710	5	5	3	2
2712	1	1	0	0
2717	7	21	9	8
2729	7	28	6	6
2730	3	11	3	6
2731	5	17	1	9
2735	31	63	37	19
2737	29	51	4	23
2744	5	22	1	1
2745	13	35	4	15
2746	8	17	1	6
2747	2	2	3	4
2752	4	18	3	6
2760	31	61	19	21
2762	93	82	77	44
2767	69	69	62	24
2768	13	23	6	9
2769	1	8	4	2
2770	11	32	9	9
2771	80	75	73	37
2773	4	20	2	7
2774	1	12	1	1
2776	1	10	4	3
2778	164	50	177	74
2781	0	9	3	12
2782	4	28	5	17
2783	7	15	1	7
2786	1	27	4	11
2787	26	37	9	14
2793	3	10	3	3
2805	2	13	1	6
2806	3	12	7	4
2810	23	53	13	30
2817	3	33	10	15
2821	7	23	1	13
2828	11	8	5	7
2831	7	37	7	19
2834	8	20	7	2
2837	0	11	1	3
2842	4	17	3	5
2849	16	46	13	23
2852	90	71	25	20
2853	6	18	2	4
2857	2	2	1	5
2859	4	15	3	3
2861	10	25	19	26
2863	9	31	2	11
2864	10	31	7	12
2868	1	5	0	1
2869	15	25	10	12
2870	1	9	0	9
2872	0	8	1	6
2876	6	17	8	6
2877	6	18	2	12
2878	2	15	4	11
2879	15	31	3	26
2882	5	12	3	8
2885	16	46	14	23
2886	9	19	3	3
2887	8	10	2	5
2896	30	26	28	17
2908	114	95	78	102
2909	60	80	26	58
2919	60	59	33	34
2920	2	4	0	2
2925	3	11	5	1
2931	43	73	34	68
2932	18	48	10	19
2936	1	13	4	4
2937	8	16	3	8
2944	1	8	3	4
2946	42	53	25	36
2950	4	13	2	8
2952	2	11	1	2
2954	43	47	46	36
2956	68	66	61	22
2957	8	24	2	27
2958	11	12	1	1
2959	1	2	0	1
2961	83	52	54	34
2963	11	12	4	3
2965	0	2	1	1
2966	11	48	10	13
2967	1	16	3	5
2969	7	28	1	4
2976	2	8	3	5
2984	1	0	2	0
2986	0	1	0	0
2987	15	35	8	14
2990	6	15	0	4
2992	29	56	10	28
2997	10	8	3	7
3000	39	28	4	8
3006	1	2	0	2
3008	5	18	1	13
3009	3	16	3	7
3014	1	4	3	1
3017	4	18	5	6
3028	37	27	28	15
3029	9	13	5	5
3030	3	10	4	5
3032	4	8	0	2
3033	38	46	31	24
3034	57	61	16	31
3035	4	11	5	4
3046	1	16	1	3
3053	1	17	1	5
3054	4	15	4	2
3055	1	3	0	0
3065	30	38	22	31
3066	76	49	70	35
3074	18	42	10	36
3077	5	15	3	14
3084	7	36	3	9
3087	17	43	7	13
3091	5	19	2	7
3093	3	7	0	6
3094	1	4	2	4
3098	13	33	19	28
3099	0	1	1	0
3101	1	0	1	1
3104	22	38	2	9
3105	2	18	0	9
3106	1	8	0	3
3108	1	8	5	8
3109	16	52	14	25
3113	10	26	8	12
3115	4	22	4	4
3117	14	24	4	17
3119	3	26	1	11
3122	4	25	3	5
3123	13	29	9	23
3125	7	27	6	21
3126	3	32	6	18
3127	6	26	2	5
3131	5	14	4	6
3146	96	80	35	73
3148	6	6	9	6
3149	3	28	6	11
3155	14	31	2	5
3156	9	12	3	10
3157	61	75	51	58
3158	2	8	4	2
3159	7	23	5	1
3161	6	36	3	10
3162	0	2	3	7
3163	6	37	3	17
3169	1	3	2	7
3170	5	13	8	6
3171	6	23	6	13
3172	3	11	6	6
3174	6	28	11	17
3176	5	9	1	2
3177	6	12	0	3
3198	12	41	13	18
3199	4	15	0	8
3202	22	54	42	21
3203	3	7	1	4
3205	0	3	0	4
3206	7	14	5	7
3212	8	21	8	10
3214	5	13	2	12
3215	10	34	2	13
3217	10	24	10	5
3221	35	46	23	21
3225	1	12	5	5
3226	3	28	4	12
3242	167	108	127	96
3248	17	33	10	13
3249	2	5	3	12
3251	53	44	80	39
3265	194	111	93	103
3269	4	24	7	15
3275	5	9	1	4
3276	10	20	1	12
3280	9	21	1	9
3281	3	12	4	9
3294	15	19	6	16
3295	2	12	3	4
3297	9	25	15	16
3298	10	12	3	6
3300	4	30	6	16
3303	3	17	1	10
3304	0	8	0	5
3306	0	12	2	6
3308	8	24	5	7
3309	112	89	280	77
3312	15	31	11	24
3313	30	38	18	24
3315	9	26	2	5
3320	10	38	18	21
3326	10	13	5	4
3329	10	20	5	4
3336	1	8	3	8
3337	12	21	13	15
3339	12	24	4	12
3358	3	4	0	0
3364	2	7	1	2
3373	3	14	3	14
3376	2	7	4	4
3383	41	49	10	38
3385	1	7	2	2
3397	1	4	1	1
3398	295	143	275	131
3399	8	34	7	19
3400	3	17	2	8
3416	5	16	5	6
3417	4	14	6	3
3418	2	11	3	1
3419	6	27	6	15
3420	0	23	0	8
3421	5	19	3	7
3428	2	10	1	7
3431	4	9	2	6
3455	2	16	1	3
3456	24	34	21	41
3458	3	13	7	8
3459	5	8	2	6
3460	10	10	5	6
3476	15	34	9	21
3479	12	36	9	8
3480	18	64	22	45
3481	9	15	5	10
3482	26	47	37	26
3485	144	103	174	64
3486	5	11	3	6
3487	6	21	10	11
3488	1	16	3	6
3489	6	12	3	5
3490	3	15	4	8
3508	14	17	6	10
3516	24	44	13	19
3551	128	78	84	37
3553	17	25	15	13
3554	2	20	1	8
3556	28	35	30	27
3558	19	30	6	12
3559	14	23	6	13
3560	90	81	92	71
3565	4	16	2	5
3566	88	91	104	75
3567	4	9	3	9
3569	6	14	4	3
3570	2	12	2	2
3572	24	45	16	19
3575	0	5	1	4
3576	1	1	1	0
3579	6	1	3	6
3586	5	6	3	3
3588	10	25	2	8
3589	2	12	0	5
3590	4	31	1	8
3592	7	22	1	3
3593	2	9	1	2
3596	10	40	8	17
3597	0	17	0	6
3598	2	24	6	2
3600	13	41	13	31
3601	14	14	2	19
3604	3	2	1	3
3606	0	8	1	2
3608	25	44	11	21
3609	11	22	3	6
3611	53	29	19	18
3612	26	31	26	29
3613	20	28	5	6
3614	2	5	1	2
3615	4	9	0	2
3621	3	3	1	0
3622	4	10	2	5
3628	11	25	5	9
3630	2	2	0	1
3635	9	53	4	19
3636	20	21	13	22
3638	9	33	14	13
3643	10	23	3	14
3645	0	2	2	0
3651	4	20	1	11
3654	3	12	2	4
3656	7	18	5	16
3659	7	15	2	1
3660	7	13	5	9
3661	5	6	1	2
3662	4	28	9	13
3663	6	15	5	6
3664	7	15	3	5
3665	4	12	6	2
3667	25	49	13	34
3669	8	34	13	10
3670	62	72	48	56
3672	2	12	0	8
3673	120	89	41	73
3675	7	21	9	6
3676	5	6	4	3
3682	0	7	2	1
3685	43	57	21	42
3688	2	8	1	4
3689	5	5	1	4
3690	9	23	6	11
3691	4	9	2	5
3692	6	7	8	1
3693	10	18	3	9
3705	2	26	4	7
3706	8	32	4	7
3707	1	8	1	1
3708	33	62	8	43
3709	12	27	8	10
3710	0	8	2	2
3716	40	50	15	39
3717	2	9	2	9
3718	1	16	0	2
3725	360	190	640	191
3726	14	22	18	18
3735	5	29	4	15
3737	3	10	3	0
3755	30	61	24	23
3767	9	27	5	8
3775	22	36	10	64
3776	18	41	18	18
3778	1	8	1	1
3783	5	19	7	14
3784	15	28	10	7
3791	47	77	39	48
3795	0	5	1	2
3799	10	16	7	8
3800	3	9	4	1
3815	23	49	13	18
3821	2	21	3	8
3827	26	38	8	25
3832	302	165	151	156
3845	546	222	454	234
3856	6	33	5	8
3880	29	48	18	26
3895	58	61	81	32
3897	0	17	2	7
3909	2	16	0	4
3912	3	19	4	7
3920	2	10	4	7
3925	224	133	116	128
3927	26	39	20	15
3930	4	10	2	3
3932	22	40	14	24
3934	0	4	0	0
3939	16	19	10	15
3945	9	25	1	4
3949	2	8	0	3
3956	14	31	12	15
3957	3	13	2	5
3958	9	43	6	8
3964	1	9	6	2
3976	3	12	1	4
3978	47	54	15	34
3980	8	22	4	10
3984	1	5	0	4
3985	31	51	7	4
3988	12	16	4	5
3992	77	88	34	86
3995	4	6	0	4
3998	3	8	1	3
4000	7	25	9	12
4012	2	15	7	13
4016	88	57	111	56
4023	3	13	0	4
4038	4	24	3	11
4040	0	4	2	1
4041	1	5	0	5
4043	23	4	0	2
4046	18	15	0	5
4047	2	10	2	1
4048	9	26	5	10
4050	1	12	0	3
4055	7	25	2	10
4058	0	5	1	2
4067	38	63	36	35
4069	1	12	3	6
4072	2	16	3	0
4074	1	10	1	0
4077	6	23	1	8
4086	2	20	2	13
4087	57	90	33	61
4088	17	39	20	22
4089	116	99	120	108
4090	0	9	1	3
4091	0	7	0	3
4092	147	102	104	101
4094	6	16	4	14
4097	12	43	8	27
4117	0	3	0	0
4121	2	10	2	2
4122	6	27	10	17
4125	3	12	4	7
4129	5	0	3	2
4139	0	8	2	7
4140	0	2	2	1
4141	3	23	4	3
4143	18	46	21	20
4144	5	20	2	14
4148	3	4	3	4
4149	18	41	13	29
4151	3	14	1	11
4154	21	47	41	27
4170	18	34	8	7
4171	3	27	2	9
4172	145	105	171	83
4173	5	13	7	6
4174	7	25	7	13
4175	3	17	3	6
4176	7	17	7	13
4179	3	9	3	7
4189	12	23	7	6
4190	13	35	11	16
4191	43	47	27	22
4193	0	5	1	4
4194	1	10	1	10
4199	9	28	8	5
4200	211	144	146	110
4204	47	58	25	19
4205	2	17	4	5
4208	2	11	5	1
4212	20	22	7	20
4214	7	18	4	11
4215	1	4	0	2
4216	27	49	13	11
4217	25	64	27	22
4221	13	33	3	15
4223	8	28	4	16
4232	7	31	6	16
4233	53	63	16	40
4234	31	30	1	4
4238	3	9	2	5
4245	4	39	3	23
4254	4	17	4	7
4255	4	21	5	8
4258	7	38	16	24
4261	0	1	1	0
4267	0	4	0	3
4282	12	17	8	14
4286	6	16	6	1
4287	4	22	3	7
4292	6	10	5	5
4293	0	5	0	1
4294	1	9	0	2
4296	0	4	0	1
4297	94	68	94	43
4299	37	53	99	46
4300	15	13	6	12
4302	15	39	7	26
4303	31	34	34	35
4312	3	9	1	2
4313	1	11	3	2
4316	1	7	3	8
4323	8	31	5	10
4329	7	28	5	19
4331	4	6	1	5
4342	1	0	2	0
4351	34	46	16	26
4352	7	16	6	4
4354	0	9	2	4
4355	1	5	0	1
4356	0	1	0	0
4363	1	4	1	0
4436	22	30	5	17
4439	14	28	12	12
4482	60	53	68	37
4485	0	8	2	1
4486	36	55	20	36
4487	1	9	1	0
4488	0	11	1	2
4494	0	10	0	4
4507	3	19	3	6
4522	6	14	0	2
4547	5	22	6	4
4548	3	3	2	1
4552	2	10	5	2
4582	1	2	2	0
4594	2	9	0	5
4598	0	2	2	3
4601	3	23	3	3
4602	11	28	12	20
4605	46	57	26	33
4609	485	226	515	251
4610	4	16	2	4
4613	64	52	92	39
4615	9	16	2	8
4616	17	35	5	14
4637	4	32	3	16
4638	1	12	2	11
4651	9	35	9	19
4664	47	66	42	54
4665	6	30	6	11
4668	9	16	4	4
4671	3	9	1	3
4677	1	6	1	6
4678	14	23	3	5
4680	3	23	2	7
4683	14	21	5	4
4688	1	7	1	0
4691	1	13	2	7
4694	25	62	10	58
4695	3	21	2	10
4696	4	24	6	9
4697	3	27	3	7
4698	113	82	68	52
4700	3	18	6	13
4701	8	14	2	6
4702	0	20	2	9
4704	3	6	2	8
4706	2	11	6	3
4707	2	14	1	2
4708	5	16	0	7
4709	9	34	1	13
4710	2	6	3	1
4711	1	10	3	5
4712	0	13	1	3
4713	8	45	10	10
4714	0	1	4	0
4717	2	8	2	2
4718	6	36	10	7
4719	4	8	0	3
4720	1	13	1	5
4722	4	9	3	11
4723	3	16	2	6
4724	10	29	10	6
4726	5	36	1	13
4728	4	25	1	10
4729	32	43	6	27
4734	5	16	2	8
4750	0	3	0	2
4751	1	15	4	2
4752	0	5	0	0
4758	5	25	2	9
4760	3	2	3	0
4763	10	28	2	10
4771	11	13	2	1
4773	8	23	5	2
4775	7	35	18	29
4779	5	7	1	6
4780	32	60	22	19
4781	10	31	14	19
4782	0	10	2	3
4783	2	10	1	4
4790	3	12	3	7
4791	17	31	11	7
4792	27	43	29	29
4793	58	71	69	42
4794	13	21	4	14
4795	13	29	6	18
4798	5	10	4	12
4801	37	52	64	31
4804	3	12	0	4
4811	4	15	1	4
4817	13	46	6	23
4830	28	43	21	20
4831	1	1	0	0
4832	0	3	0	2
4833	17	51	13	22
4835	10	34	11	11
4836	95	77	146	60
4837	21	31	6	12
4841	2	9	0	2
4846	2	23	3	8
4849	12	15	3	12
4850	1	16	9	12
4851	64	70	120	52
4853	13	23	6	8
4856	13	19	7	12
4860	36	54	22	17
4864	75	81	75	72
4869	4	17	2	9
4881	1	2	0	2
4882	0	2	1	1
4886	12	23	8	17
4891	2	18	2	5
4893	100	72	131	88
4900	1	2	1	0
4904	5	23	1	5
4905	20	23	3	8
4907	58	62	25	17
4914	9	16	1	6
4915	1	6	1	6
4916	14	26	2	4
4919	1	4	0	2
4920	1	2	2	0
4921	0	2	2	1
4923	8	10	4	2
4925	24	35	20	9
4926	32	53	14	17
4927	12	25	5	18
4929	2	10	1	4
4931	51	89	30	35
4938	4	5	6	4
4942	0	3	0	0
4946	4	26	7	9
4947	45	66	25	30
4953	8	21	5	14
4967	4	8	1	5
4968	27	54	16	38
4976	18	46	11	19
4998	39	65	26	35
5002	0	2	0	1
5004	6	25	6	7
5013	10	18	4	2
5015	2	6	1	7
5018	60	29	24	21
5019	32	36	37	27
5021	0	15	1	1
5025	8	15	1	4
5029	3	10	4	7
5031	4	19	6	6
5033	92	84	93	56
5034	9	35	12	16
5036	5	9	3	1
5037	9	17	5	4
5045	16	32	22	14
5048	1	11	1	3
5049	12	13	1	12
5050	25	35	14	14
5052	0	15	1	5
5053	7	28	7	6
5054	0	6	0	1
5055	4	10	7	1
5058	6	18	4	8
5062	0	11	1	6
5063	2	10	1	4
5066	4	14	0	6
5073	58	70	32	63
5079	9	24	7	8
5080	1	15	0	2
5087	0	9	0	0
5091	14	28	26	31
5092	33	40	51	26
5096	9	6	3	3
5104	10	28	3	8
5105	13	24	8	4
5106	82	40	24	16
5108	5	8	3	10
5110	40	37	26	14
5111	26	33	22	26
5127	3	17	3	7
5128	1	7	0	7
5129	0	2	1	0
5134	14	39	14	15
5144	3	15	3	4
5156	0	7	5	4
5157	0	1	0	2
5159	6	22	2	8
5160	16	42	9	27
5162	2	11	3	0
5163	5	8	3	5
5164	6	16	11	5
5165	1	2	0	0
5166	0	1	0	0
5167	7	43	5	25
5170	133	94	46	94
5184	58	63	70	38
5187	0	1	0	0
5188	13	27	1	15
5193	0	8	3	1
5194	0	3	2	5
5198	33	58	8	19
5202	102	104	60	117
5207	0	0	1	0
5208	0	3	0	2
5209	36	74	19	32
5210	2	6	3	4
5211	24	37	9	19
5213	0	5	0	1
5214	1	2	0	2
5217	5	20	5	6
5218	0	2	0	1
5223	35	27	29	13
5226	1	18	3	1
5228	24	34	19	17
5230	24	31	15	24
5232	0	1	0	1
5236	22	30	20	17
5243	18	38	12	19
5244	2	10	2	1
5245	115	82	102	43
5252	14	35	10	10
5253	63	58	40	51
5255	16	43	7	13
5256	0	2	0	3
5257	23	35	31	18
5260	1	21	1	3
5261	34	45	9	28
5264	11	23	3	11
5265	5	25	5	5
5268	7	15	5	2
5269	1	5	0	2
5277	2	4	2	3
5286	49	73	124	69
5287	25	28	10	15
5288	0	3	0	0
5289	16	48	9	9
5290	18	41	8	23
5291	28	63	13	33
5292	9	42	14	28
5293	0	9	1	5
5294	4	26	1	13
5295	41	54	30	45
5296	2	12	3	3
5297	5	19	2	5
5298	0	0	0	1
5300	53	30	27	26
5305	0	4	0	5
5306	3	5	2	6
5310	54	53	28	24
5313	0	2	1	2
5315	7	18	3	1
5320	9	49	6	9
5321	13	30	3	18
5325	2	11	2	10
5327	77	67	200	69
5328	22	28	5	16
5329	24	32	18	22
5331	3	21	7	7
5332	0	7	4	2
5335	0	4	3	1
5336	1	26	0	10
5337	19	29	17	10
5338	2	2	3	3
5345	4	24	8	12
5347	30	44	5	31
5351	10	29	2	16
5352	0	9	1	0
5355	5	36	6	12
5357	3	16	1	2
5359	29	33	39	27
5361	21	47	14	25
5362	0	10	6	2
5364	0	1	0	1
5365	1	1	0	1
5366	2	9	1	2
5371	9	33	4	9
5373	95	54	72	55
5378	13	36	4	3
5387	72	64	30	48
5411	10	22	4	9
5422	2	3	1	0
5423	65	80	69	33
5427	6	21	5	7
5428	7	33	6	10
5430	199	132	185	118
5432	4	18	3	11
5433	7	23	11	18
5434	60	79	31	54
5435	48	51	28	45
5437	34	48	20	33
5438	371	129	417	145
5440	75	54	28	19
5442	1	15	2	2
5445	0	3	1	5
5446	42	38	21	21
5447	3	8	0	1
5450	4	16	5	17
5451	3	6	1	0
5452	3	9	1	4
5460	3	6	4	6
5465	16	22	11	32
5467	3	12	3	5
5468	21	40	8	21
5469	6	20	1	6
5471	52	65	52	36
5478	130	96	191	95
5479	5	9	4	6
5480	8	38	12	9
5495	1	7	2	2
5498	21	37	12	14
5499	2	25	2	13
5501	2	21	1	6
5511	5	20	7	4
5515	3	8	0	1
5516	5	15	4	17
5518	1	14	11	5
5522	7	15	4	17
5523	53	68	45	35
5524	6	25	4	11
5525	2	18	1	3
5526	7	21	2	5
5527	2	16	3	13
5529	3	22	1	11
5530	21	41	13	30
5531	7	30	7	19
5532	0	11	2	4
5533	2	13	2	2
5534	20	22	31	23
5535	13	25	2	12
5538	7	24	2	6
5546	7	20	2	4
5547	158	114	143	77
5550	2	6	1	2
5562	80	67	42	29
5563	2	4	2	0
5564	1	5	0	0
5565	5	9	5	4
5566	109	92	109	59
5567	4	22	0	2
5568	1	6	1	1
5569	1	0	3	1
5571	8	9	2	9
5573	28	71	29	37
5575	2	11	7	9
5576	5	15	2	2
5577	15	29	15	14
5578	11	28	3	7
5579	6	24	3	9
5580	14	35	11	16
5581	9	26	13	19
5582	0	3	1	3
5583	2	4	3	1
5584	2	9	2	3
5585	23	43	19	31
5586	9	22	0	7
5587	0	7	2	1
5588	7	19	2	16
5590	99	80	100	70
5591	21	50	39	27
5592	0	2	0	1
5593	0	0	0	1
5594	0	10	1	2
5595	8	14	3	14
5596	0	1	0	0
5597	1	2	1	0
5598	2	5	0	1
5599	15	30	9	12
5600	0	5	2	0
5601	48	52	64	34
5602	1	5	3	4
5603	12	28	9	17
5604	7	20	5	10
5605	16	42	8	16
5606	8	32	4	9
5607	86	84	48	58
5608	107	92	50	61
5609	0	5	2	1
5610	21	39	10	18
5612	4	19	4	8
5613	1	5	1	1
5616	1	0	1	2
5618	6	22	6	6
5621	14	38	13	8
5624	9	25	6	10
5627	3	13	6	8
5629	19	35	9	12
5631	2	2	0	1
5634	0	0	1	0
5636	32	49	15	24
5641	0	8	2	2
5645	2	12	3	13
5646	2	14	4	7
5649	1	12	0	2
5653	10	15	4	6
5654	8	18	3	13
5660	12	27	7	10
5663	17	45	10	16
5664	21	35	10	14
5681	1	11	0	2
5682	216	105	279	95
5684	4	42	14	36
5686	3	16	0	8
5688	11	43	16	28
5689	98	82	115	61
5690	478	222	522	236
5693	62	70	86	70
5695	50	77	38	84
5696	5	6	0	2
5698	13	17	3	9
5699	6	21	3	9
5707	469	188	531	161
5708	156	97	235	73
5709	108	76	119	73
5710	53	38	27	30
5711	10	33	7	13
5714	2	8	0	13
5715	7	8	1	7
5716	46	40	27	26
5720	28	24	5	2
5721	6	6	1	3
5723	42	59	12	70
5727	5	21	7	7
5728	63	46	48	51
5734	5	3	1	2
5737	6	22	6	9
5743	11	19	3	5
5744	2	11	6	11
5747	161	143	80	100
5754	3	9	4	10
5756	1	0	0	0
5763	189	103	124	96
5770	83	82	41	40
5771	1	4	0	0
5775	2	4	0	4
5777	2	25	0	5
5781	1	2	1	3
5782	387	209	613	213
5792	13	28	15	16
5793	2	9	3	3
5796	1	12	1	6
5805	5	12	3	4
5810	6	9	1	3
5813	3	8	0	2
5816	4	7	5	2
5817	0	8	2	3
5819	4	16	3	3
5824	2	7	3	0
5825	1	6	0	1
5827	4	16	1	2
5829	35	47	20	21
5831	15	20	5	10
5832	19	48	3	17
5836	1	6	0	1
5859	14	27	3	18
5860	4	14	3	4
5867	1	5	1	2
5868	5	21	3	21
5869	2	16	0	4
5871	0	3	1	1
5873	22	47	25	25
5875	0	1	0	0
5879	16	36	4	10
5881	1	6	2	5
5883	91	87	134	57
5887	75	61	112	70
5888	50	31	6	15
5889	9	25	5	7
5891	27	50	46	43
5894	218	105	559	146
5898	9	23	2	9
5899	1	11	0	3
5900	8	16	3	13
5901	29	53	28	37
5906	14	30	19	20
5909	0	10	0	4
5910	9	18	3	11
5914	37	65	36	38
5915	3	15	2	7
5916	2	7	2	2
5918	9	14	5	17
5920	13	24	2	1
5921	5	16	0	8
5925	36	49	69	58
5927	196	115	142	68
5928	3	8	1	10
5930	86	42	14	21
5931	10	21	1	8
5932	13	21	8	8
5933	2	8	3	6
5934	22	34	7	13
5937	13	23	8	7
5947	5	26	3	4
5950	1	7	2	2
5962	5	10	2	7
5966	30	59	19	24
5970	2	2	0	0
5971	0	7	2	2
5979	37	60	30	46
5981	6	20	0	1
5982	33	46	8	14
5985	0	10	1	1
5986	2	9	1	2
5987	1	7	4	1
5990	1	5	1	0
5992	10	18	9	7
5993	7	41	6	19
5997	30	46	9	20
5999	0	5	1	3
6004	6	20	2	12
6009	47	38	31	27
6011	0	4	0	1
6015	1	7	1	5
6016	8	26	4	1
6038	1	7	7	6
6041	0	1	0	1
6046	10	17	0	5
6048	1	8	3	0
6050	14	18	0	5
6093	19	20	13	7
6097	135	80	309	57
6098	6	14	5	6
6102	0	1	1	0
6117	25	34	37	17
6118	44	47	54	29
6119	30	33	10	13
6129	162	99	180	74
6146	0	8	0	0
6182	21	8	3	1
6184	58	54	28	25
6185	81	73	16	43
6188	31	56	5	36
6189	39	58	14	37
6193	70	45	11	20
6194	555	156	350	162
6195	35	35	33	23
6196	2	17	3	9
6197	34	50	19	22
6198	6	20	5	11
6199	2	4	0	3
6201	63	69	72	70
6203	22	56	14	28
6204	5	23	1	3
6207	56	69	59	49
6208	132	94	63	67
6210	24	47	10	25
6217	28	57	13	46
6223	101	74	75	40
6233	59	65	31	47
6240	164	77	73	60
6241	0	6	1	1
6251	4	7	3	2
6253	13	16	5	3
6256	69	89	45	57
6257	3	7	2	2
6258	58	65	34	57
6259	148	89	70	51
6271	3	13	3	10
6272	2	8	0	4
6275	8	20	4	7
6277	2	14	7	10
6282	7	24	6	7
6284	3	13	1	4
6285	5	16	3	4
6286	2	9	2	2
6294	1	5	2	1
6300	3	17	7	9
6301	11	26	7	3
6302	3	1	0	0
6303	2	19	3	2
6304	8	28	17	25
6307	7	32	3	7
6309	29	39	25	32
6310	3	0	0	1
6335	11	21	5	19
6337	26	57	5	35
6342	2	0	0	1
6347	0	4	2	1
6351	1	1	0	0
6364	8	26	16	14
6387	9	33	9	17
6389	46	76	35	50
6390	74	16	19	8
6391	1	12	1	1
6392	6	36	10	8
6397	0	3	3	3
6416	17	40	14	21
6418	16	37	2	9
6427	56	79	48	69
6428	267	127	464	113
6429	8	30	8	16
6434	5	2	3	5
6443	12	46	19	23
6446	23	42	10	19
6453	6	11	2	9
6455	4	19	3	5
6461	10	25	1	21
6464	4	27	4	10
6469	20	35	12	19
6472	7	15	1	12
6477	6	24	0	3
6478	6	12	2	11
6491	32	47	30	16
6493	4	23	1	9
6499	55	61	36	29
6500	3	16	1	2
6502	1	12	0	2
6505	5	12	1	4
6509	12	21	3	6
6510	11	18	8	14
6511	11	26	8	7
6513	4	8	7	3
6514	3	13	0	0
6519	0	13	4	10
6520	2	18	5	5
6535	6	22	12	19
6541	1	7	1	2
6548	30	38	23	19
6553	4	2	2	0
6558	8	9	2	5
6566	20	43	10	18
6567	3	7	5	4
6576	25	46	9	17
6583	6	26	7	9
6584	3	19	0	8
6591	2	18	7	4
6595	1	14	3	6
6597	39	34	43	29
6598	55	63	44	60
6599	37	44	16	19
6601	7	10	5	5
6603	10	40	7	25
6605	10	36	15	18
6608	0	5	3	5
6611	5	9	4	5
6615	0	1	0	0
6617	20	31	4	20
6621	5	7	5	9
6622	10	28	3	27
6625	2	14	3	7
6626	3	11	2	4
6632	47	76	51	69
6643	4	17	2	8
6646	21	56	13	30
6647	189	119	81	104
6648	17	28	22	16
6652	5	8	5	6
6654	9	32	8	7
6655	9	21	3	4
6657	64	84	25	58
6658	17	35	22	14
6659	38	58	29	33
6660	0	2	0	2
6663	9	25	2	7
6664	15	16	9	24
6670	23	42	5	14
6672	4	19	11	12
6675	2	12	6	8
6676	5	13	5	4
6678	5	11	5	2
6689	0	3	1	1
6696	47	64	19	45
6697	454	148	453	120
6709	2	20	2	3
6713	2	9	0	4
6714	197	106	182	88
6715	10	14	8	10
6720	10	16	7	5
6721	12	21	3	9
6722	39	37	19	38
6723	40	66	25	46
6725	1	6	1	4
6727	9	25	3	10
6732	7	14	5	10
6733	1	3	0	0
6741	4	17	0	3
6757	7	35	8	15
6767	1	4	0	0
6768	6	20	3	8
6772	473	210	527	237
6773	1	4	1	2
6774	67	53	130	58
6775	2	8	5	4
6776	20	32	21	25
6777	20	43	5	7
6778	268	102	289	91
6787	4	12	2	3
6788	39	49	9	45
6790	401	153	203	143
6792	0	2	0	0
6793	2	20	2	12
6794	32	40	8	19
6795	1	0	2	1
6799	6	11	0	4
6804	9	21	5	9
6810	9	21	7	12
6812	5	11	1	4
6813	2	19	3	7
6817	3	12	1	2
6818	9	48	1	30
6820	18	27	11	23
6821	2	10	2	1
6822	5	14	4	14
6827	5	17	4	5
6829	94	62	61	47
6832	35	57	65	42
6839	1	14	1	3
6845	12	26	7	10
6850	9	21	6	6
6854	3	0	0	1
6856	2	10	2	5
6857	56	52	21	32
6868	7	28	1	7
6871	8	31	7	9
6872	2	7	2	3
6883	4	12	0	4
6884	6	10	4	4
6885	33	60	16	13
6886	2	16	1	2
6887	3	10	5	6
6890	1	4	1	3
6894	9	29	5	10
6895	0	8	1	1
6897	219	135	316	105
6906	6	19	5	7
6908	18	25	6	6
6909	6	22	5	4
6910	2	3	2	0
6915	61	43	28	19
6917	2	9	0	1
6919	1	13	3	6
6924	5	5	1	1
6925	5	17	3	3
6926	1	6	0	3
6927	0	17	3	8
6928	7	28	6	12
6929	20	33	4	6
6932	3	19	5	4
6934	2	9	0	1
6935	16	40	4	21
6938	4	15	2	4
6944	13	39	8	19
6988	8	24	5	11
6990	18	43	33	20
7001	2	21	3	9
7003	4	14	1	3
7004	6	20	2	6
7010	9	14	3	6
7013	154	93	77	74
7016	14	35	20	11
7018	8	16	4	11
7020	5	26	1	9
7023	10	22	10	24
7024	41	47	37	31
7025	6	22	2	3
7026	29	49	14	13
7027	3	4	1	3
7029	3	12	2	10
7030	2	15	2	4
7031	4	6	0	2
7032	9	18	7	19
7035	7	17	3	8
7037	1	4	0	1
7039	11	24	12	14
7040	16	44	15	21
7046	37	47	14	20
7048	26	37	10	24
7049	0	3	0	0
7052	7	18	6	12
7054	9	20	4	4
7056	38	45	15	27
7057	16	33	9	20
7071	15	31	15	17
7074	3	31	6	13
7075	1	3	2	1
7076	37	42	14	8
7077	100	81	142	56
7078	5	28	5	10
7079	6	19	3	4
7080	12	18	6	7
7082	7	19	3	8
7083	35	46	13	32
7084	0	1	0	1
7086	5	11	2	9
7088	497	150	333	188
7089	14	30	4	6
7090	3	34	4	6
7097	5	17	5	5
7099	3	18	2	5
7100	18	39	4	10
7103	18	40	7	6
7105	11	27	11	18
7106	3	22	14	9
7108	2	3	2	3
7117	0	8	1	1
7124	5	11	4	5
7126	9	37	2	7
7128	39	62	39	15
7132	6	8	0	1
7150	13	45	4	10
7153	10	19	2	6
7155	1	5	0	5
7157	131	64	71	46
7158	16	20	16	9
7159	1	15	2	2
7165	28	44	39	29
7167	51	51	13	22
7168	3	5	0	1
7172	0	2	0	0
7175	3	11	3	10
7181	4	22	10	18
7182	3	5	1	2
7184	7	34	6	12
7185	13	35	3	9
7186	12	35	10	6
7187	8	28	2	18
7188	28	55	7	27
7189	7	24	6	15
7204	11	31	7	11
7226	10	31	5	17
7227	12	47	7	16
7247	1	14	3	7
7248	12	19	9	12
7249	7	16	6	8
7251	41	50	12	22
7263	4	32	6	10
7264	73	82	59	50
7267	16	27	27	18
7270	0	14	0	1
7272	27	50	10	25
7273	1	4	2	5
7276	30	36	4	7
7280	51	76	28	34
7291	7	28	6	11
7292	8	22	4	8
7294	0	2	0	4
7295	7	23	2	10
7296	46	59	66	39
7297	3	9	1	5
7298	7	27	2	13
7301	19	47	12	24
7311	18	35	40	48
7314	30	50	11	42
7316	68	73	27	46
7319	16	20	11	12
7321	42	72	47	25
7323	1	14	0	2
7332	1	11	1	10
7334	17	41	12	16
7335	11	16	1	15
7337	7	22	4	11
7342	8	18	5	12
7343	3	16	4	11
7345	9	26	7	9
7353	30	35	20	35
7357	9	29	6	6
7358	261	112	191	109
7360	20	36	21	14
7371	7	21	5	6
7374	1	7	3	6
7376	18	32	14	19
7381	13	31	6	10
7384	60	64	51	40
7386	3	18	2	3
7389	19	39	9	29
7391	4	26	5	22
7398	5	30	10	12
7405	96	72	39	38
7407	10	27	5	17
7415	45	60	55	39
7416	77	59	35	30
7421	13	37	4	10
7422	8	25	7	12
7423	0	14	5	11
7424	12	14	14	14
7428	11	37	7	19
7430	3	1	1	4
7431	37	57	18	45
7433	2	11	3	5
7443	40	58	24	29
7444	98	88	35	25
7453	13	24	6	12
7465	19	34	6	13
7466	138	53	175	62
7468	6	24	1	10
7471	9	25	5	14
7474	2	19	2	4
7477	9	40	8	25
7480	12	23	1	7
7481	8	18	1	7
7483	5	20	6	4
7484	9	16	7	11
7485	4	6	1	2
7486	144	90	64	95
7490	21	41	5	24
7494	437	154	563	142
7504	4	13	6	5
7508	6	18	0	3
7511	21	38	9	25
7518	26	47	16	27
7520	27	56	23	38
7525	43	64	17	42
7528	13	39	9	22
7533	14	25	3	8
7534	2	4	1	4
7535	2	4	2	6
7536	6	9	3	11
7538	27	45	14	25
7541	2	36	11	14
7543	78	80	127	62
7546	6	17	4	5
7554	21	36	8	16
7569	9	20	4	8
7570	12	44	1	18
7572	2	18	3	13
7580	4	8	2	0
7597	4	17	2	1
7625	5	20	8	10
7639	2	12	1	15
7690	6	12	1	1
7692	13	36	9	12
7693	0	18	1	7
7695	11	15	3	6
7697	6	16	3	6
7699	0	4	1	1
7702	30	45	8	14
7703	2	11	4	5
7727	0	4	0	9
7728	5	19	4	3
7733	5	17	8	3
7748	3	3	2	2
7750	21	43	31	28
7752	8	10	2	6
7753	11	26	4	20
7756	3	4	0	1
7760	12	10	5	5
7764	16	31	4	12
7771	4	17	5	3
7775	39	36	11	16
7780	11	20	5	6
7786	0	1	1	0
7803	323	138	122	134
7832	93	68	27	33
7840	33	58	16	31
7846	0	11	0	4
7849	87	74	81	68
7850	6	21	2	6
7852	14	34	8	8
7855	184	109	228	60
7862	8	29	5	6
7866	14	17	15	8
7867	18	34	4	10
7874	153	102	95	103
7879	4	16	3	7
7905	5	14	2	6
7913	33	43	12	11
7915	8	32	9	16
7917	63	60	23	27
7919	10	31	14	26
7923	7	10	8	23
7936	7	35	2	4
7965	7	14	7	12
7976	4	11	1	2
7982	9	24	5	9
7984	48	57	34	32
7988	0	13	2	8
7994	110	73	123	75
8019	1	11	2	2
8022	7	19	4	20
8027	8	27	7	3
8028	7	12	2	6
8031	19	34	6	11
8050	299	140	627	148
8061	11	27	4	10
8089	6	20	3	3
8091	3	4	3	3
8092	1	9	1	3
8140	1	8	0	2
8148	4	3	0	1
8165	10	28	11	21
8192	35	51	23	25
8193	13	34	9	24
8202	310	117	146	98
8204	3	15	0	6
8208	9	18	10	5
8220	3	4	4	6
8226	24	26	10	18
8227	5	9	4	14
8233	4	9	4	3
8239	11	15	6	11
8243	13	32	14	16
8270	4	8	3	0
8295	35	52	12	25
8312	3	13	3	5
8313	13	26	4	6
8315	8	19	2	9
8317	3	17	2	3
8318	4	15	0	5
8321	5	30	9	12
8322	23	51	18	28
8323	8	10	4	5
8324	7	34	4	12
8325	8	26	6	6
8332	0	2	0	0
8334	2	11	2	14
8349	9	26	3	14
8350	0	4	1	0
8358	0	3	1	1
8382	1	1	0	3
8394	1	2	1	0
8395	1	1	3	0
8396	9	7	0	0
8406	1	1	1	0
8408	9	26	6	6
8409	7	23	2	13
8428	2	6	1	1
8431	4	24	4	6
8435	17	41	5	12
8438	5	15	4	7
8444	150	99	171	72
8445	0	1	2	1
8446	5	17	1	8
8449	2	3	0	2
8453	2	16	6	13
8462	7	23	3	4
8463	7	18	13	9
8464	5	24	5	2
8467	2	21	3	8
8476	1	2	1	0
8477	6	20	2	5
8480	32	25	14	9
8487	7	20	12	14
8491	3	9	2	2
8493	34	35	10	9
8495	6	27	7	25
8503	8	21	2	3
8505	12	24	7	14
8508	32	12	21	12
8517	51	53	33	34
8518	68	66	44	37
8520	4	9	0	2
8522	3	5	1	3
8525	5	20	8	13
8526	0	2	2	3
8527	16	41	24	24
8531	1	8	5	3
8535	4	24	8	21
8536	8	30	7	15
8543	10	39	13	17
8548	3	16	4	8
8549	13	27	10	4
8550	122	77	77	65
8553	0	10	2	0
8554	10	30	6	10
8558	4	12	4	7
8565	15	37	4	11
8566	1	5	0	1
8569	3	13	4	9
8572	4	15	7	6
8573	4	22	3	6
8574	151	81	118	36
8575	23	20	15	12
8576	11	44	6	20
8604	19	28	8	25
8607	452	168	423	148
8609	2	8	4	11
8611	143	90	166	72
8613	110	95	55	79
8623	4	14	2	8
8624	2	5	0	5
8625	32	42	74	35
8633	0	9	1	5
8634	43	51	19	18
8635	6	20	2	4
8639	22	51	28	33
8644	70	70	28	41
8649	4	17	3	8
8650	37	38	8	10
8651	7	32	9	14
8655	55	57	39	26
8659	6	7	2	7
8660	0	6	2	1
8667	10	37	18	20
8669	0	11	0	2
8675	2	6	1	1
8678	81	54	170	52
8681	8	14	3	5
8692	3	24	5	9
8702	116	87	57	65
8703	7	13	2	3
8714	15	31	33	16
8717	2	20	3	5
8720	31	69	25	39
8726	2	9	3	1
8727	121	107	82	94
8731	22	19	3	8
8732	2	13	2	9
8737	41	50	11	40
8738	55	60	56	50
8741	1	9	1	10
8743	3	6	3	4
8751	8	40	7	10
8764	27	42	19	25
8766	34	40	49	45
8767	1	4	0	1
8771	0	5	2	1
8772	38	37	47	37
8777	3	8	1	6
8780	23	28	10	16
8784	17	40	10	21
8792	17	30	6	6
8795	1	4	1	1
8797	1	16	3	5
8798	1	0	0	1
8800	1	20	2	4
8801	5	30	5	11
8802	7	29	6	25
8803	4	17	0	5
8804	77	71	58	55
8805	3	11	0	2
8807	14	36	3	5
8814	0	4	1	4
8821	3	5	0	1
8824	6	23	0	0
8826	357	161	415	173
8829	95	59	67	47
8833	161	104	158	91
8834	10	22	5	5
8835	3	13	1	9
8836	5	15	2	3
8837	464	212	536	204
8841	23	61	24	22
8844	0	4	0	1
8848	9	18	9	9
8850	8	34	2	12
8851	1	0	0	0
8853	3	9	1	5
8859	5	3	1	0
8864	6	21	9	13
8869	8	20	2	6
8870	0	13	2	2
8872	16	21	10	14
8874	3	15	0	3
8877	0	4	2	2
8878	3	9	0	3
8879	6	20	3	4
8883	3	26	1	4
8884	3	24	4	11
8891	5	12	24	19
8892	54	77	48	41
8893	2	9	10	10
8894	0	6	36	19
8895	8	19	4	7
8896	1	15	4	12
8899	16	26	9	13
8900	61	62	31	41
8905	1	7	2	1
8914	8	14	3	8
8915	15	28	11	9
8935	0	19	2	6
8941	1	38	8	19
8942	1	12	0	3
8945	4	17	3	4
8974	40	63	48	33
8985	17	36	15	8
8986	5	19	2	6
8996	6	41	4	6
8999	0	1	0	0
9014	2	10	1	4
9016	13	36	16	16
9019	4	8	6	1
9020	210	103	103	84
9021	4	7	5	3
9031	17	49	10	26
9034	2	7	3	4
9049	0	9	2	0
9052	0	3	0	1
9053	2	21	2	14
9060	0	1	1	0
9061	3	4	2	3
9063	39	51	37	18
9064	1	1	2	0
9070	2	9	0	6
9093	9	18	6	4
9097	9	28	15	19
9111	0	8	0	5
9112	61	54	22	20
9113	0	0	2	0
9120	1	13	2	5
9121	5	8	1	0
9122	4	10	1	5
9123	53	50	53	25
9124	1	9	1	1
9126	3	13	2	7
9128	4	11	1	2
9131	4	8	1	5
9133	59	62	50	36
9134	8	30	3	13
9140	9	29	6	6
9143	4	13	2	3
9146	26	52	21	26
9149	0	1	1	0
9156	14	30	10	8
9158	5	15	0	5
9159	4	23	2	6
9170	1	23	3	4
9175	1	1	1	0
9180	7	41	8	17
9181	2	9	3	5
9183	8	9	1	7
9184	6	27	2	12
9189	0	5	3	0
9200	15	35	5	10
9201	0	1	2	1
9212	1	21	10	9
9213	2	15	5	6
9217	13	19	8	11
9218	0	6	2	5
9219	1	1	1	0
9221	17	46	12	16
9223	0	0	1	1
9231	1	11	3	1
9232	6	13	2	3
9246	68	62	76	36
9249	3	22	5	11
9252	5	24	4	14
9258	12	21	3	4
9261	1	14	0	1
9262	0	7	3	4
9263	3	2	0	0
9267	4	19	3	6
9270	10	18	5	5
9275	44	50	23	34
9276	33	57	74	51
9282	6	8	2	5
9289	195	111	220	109
9290	9	28	8	10
9294	0	5	1	1
9296	10	26	5	15
9308	52	78	29	63
9314	15	24	7	10
9318	83	80	112	60
9319	7	26	12	14
9322	45	54	2	19
9324	3	15	1	7
9326	7	23	5	16
9337	27	43	6	49
9341	47	73	10	26
9344	1	3	4	0
9352	1	15	0	4
9354	5	27	4	15
9355	3	18	4	6
9360	1	9	1	3
9369	2	4	4	1
9374	8	12	2	9
9375	44	27	53	25
9377	4	14	1	3
9378	9	12	3	2
9380	6	19	5	9
9404	12	29	7	28
9406	6	34	3	8
9412	9	29	3	17
9414	1	4	3	6
9415	3	14	2	6
9429	2	6	3	2
9441	10	14	5	9
9443	7	16	0	6
9444	3	17	5	3
9447	1	4	4	5
9448	4	9	1	2
9451	55	88	41	52
9453	1	21	3	2
9455	18	22	10	17
9459	4	8	2	12
9467	2	20	2	4
9474	42	47	15	18
9475	9	27	3	11
9488	22	31	5	13
9491	3	19	4	8
9500	1	8	4	4
9512	17	43	9	15
9517	26	47	10	11
9519	4	16	4	7
9520	3	12	2	4
9531	7	26	21	17
9533	4	18	3	7
9541	3	11	3	6
9552	14	36	6	12
9559	0	6	3	0
9564	4	17	2	6
9568	22	47	13	27
9575	5	17	4	6
9578	1	4	1	1
9587	19	35	10	24
9589	19	38	20	18
9601	12	26	13	23
9604	13	35	6	7
9612	40	76	34	33
9616	2	3	4	7
9618	1	20	4	11
9625	0	2	2	2
9632	3	17	3	10
9637	5	23	2	3
9638	1	16	1	1
9641	88	102	55	80
9643	4	23	4	13
9650	1	4	1	1
9653	213	110	145	93
9655	1	10	2	2
9656	0	1	0	1
9668	1	8	0	12
9670	2	21	4	6
9682	2	3	3	2
9686	2	9	2	4
9687	11	29	6	12
9688	1	22	3	14
9690	12	23	11	7
9695	7	21	4	3
9697	63	76	42	41
9700	131	101	101	76
9702	4	1	1	1
9703	10	13	2	3
9706	2	8	5	6
9709	89	71	54	49
9710	6	23	10	11
9712	9	39	13	19
9734	0	1	3	0
9738	14	40	8	8
9748	16	44	15	19
9759	8	29	6	10
9761	55	43	22	24
9767	8	8	7	14
9770	33	48	30	37
9774	1	17	2	7
9783	3	2	1	0
9784	4	17	4	12
9787	4	35	7	9
9788	22	38	19	18
9791	0	4	3	3
9794	1	6	0	1
9797	6	9	0	2
9801	22	39	21	8
9805	3	16	2	3
9807	5	21	6	10
9813	13	32	4	13
9815	3	17	5	12
9817	139	97	350	106
9826	11	7	2	7
9829	0	2	1	0
9831	48	57	57	56
9833	53	30	20	19
9841	14	13	7	15
9842	2	9	1	1
9847	2	18	1	12
9851	6	33	7	13
9854	13	29	7	26
9867	24	50	21	32
9868	9	28	5	7
9869	12	43	23	26
9870	1	16	2	10
9871	3	40	5	14
9874	1	5	2	2
9886	44	34	13	15
9887	3	13	6	19
9891	3	19	6	8
9897	76	64	36	62
9898	3	10	3	3
9900	7	36	8	21
9903	2	10	2	0
9908	7	8	3	3
9915	7	28	7	10
9917	0	9	1	3
9918	3	7	1	4
9919	8	11	3	9
9924	170	92	89	56
9925	1	8	1	6
9926	2	4	0	4
9928	1	11	1	3
9929	4	22	3	10
9939	5	10	4	6
9942	0	1	0	1
9943	7	10	4	6
9945	1	15	1	7
9950	0	2	1	0
9955	1	8	0	4
9958	2	15	2	5
9961	14	21	10	8
9966	7	24	3	17
9967	0	12	0	7
9971	4	8	1	6
9975	2	8	0	0
9978	5	17	5	6
9988	65	44	40	29
9989	46	58	20	28
10000	40	59	21	48
10001	2	11	2	12
10007	43	51	58	26
10010	4	16	4	8
10013	189	120	329	129
10014	23	39	5	17
10018	6	14	5	6
10019	3	10	1	2
10020	104	108	61	104
10023	11	36	7	11
10026	4	16	2	5
10038	466	259	534	223
10046	4	3	3	1
10048	5	21	5	7
10049	5	17	5	8
10051	2	12	3	3
10057	18	47	11	16
10058	84	51	31	33
10059	6	14	5	5
10061	1	14	1	9
10062	0	8	2	4
10078	8	14	3	7
10084	2	22	1	11
10087	0	0	0	1
10092	5	9	1	6
10093	1	11	5	5
10094	6	22	2	5
10095	2	8	1	3
10096	3	10	5	6
10097	3	13	1	5
10099	9	25	5	4
10105	1	15	3	4
10109	3	25	4	11
10110	1	2	0	0
10111	17	33	10	14
10112	12	19	4	6
10113	62	56	23	18
10114	0	19	3	5
10123	1	8	0	4
10125	7	24	4	10
10127	58	78	26	72
10128	2	13	1	4
10131	3	12	2	6
10135	4	18	5	8
10138	24	54	13	35
10139	2	17	3	5
10142	14	37	11	12
10146	25	40	20	28
10149	9	30	4	16
10150	8	13	4	4
10153	25	38	7	14
10154	1	0	1	1
10161	2	8	5	4
10165	4	22	3	2
10166	2	18	2	7
10174	4	21	2	4
10180	5	8	2	1
10188	1	4	2	2
10190	2	15	0	2
10196	3	9	0	2
10198	3	4	3	4
10201	2	17	3	5
10202	19	38	11	12
10206	123	61	152	62
10214	3	9	0	1
10221	7	24	11	17
10227	0	20	2	7
10237	42	22	11	21
10241	2	16	1	0
10245	28	14	3	3
10247	2	22	10	11
10250	13	36	14	30
10252	2	17	10	9
10253	20	45	8	21
10254	28	45	23	16
10257	2	3	1	1
10267	11	25	4	7
10269	6	13	2	6
10270	16	32	19	11
10273	25	12	5	0
10276	9	33	7	13
10284	10	45	8	26
10285	20	39	14	14
10287	21	40	8	10
10289	1	20	8	9
10290	2	24	3	11
10295	0	6	5	2
10298	11	27	5	12
10308	2	3	3	5
10312	39	52	22	55
10314	1	18	4	2
10318	143	89	166	89
10320	6	14	3	7
10325	6	9	2	4
10327	616	190	384	204
10329	53	62	41	31
10336	5	8	1	5
10342	4	13	0	6
10352	231	111	95	116
10362	5	8	2	6
10365	9	26	6	15
10379	2	17	0	0
10381	51	58	21	27
10383	3	22	4	2
10390	4	7	4	6
10392	12	37	5	14
10395	5	13	1	6
10397	2	18	4	5
10398	0	7	2	6
10400	3	10	3	7
10401	4	15	1	3
10406	9	27	5	16
10412	1	6	1	6
10413	24	29	11	10
10420	0	5	1	6
10421	6	29	5	9
10423	7	8	3	4
10427	0	12	1	5
10432	3	19	4	3
10434	14	14	0	3
10437	5	11	2	3
10444	6	34	2	25
10447	1	28	3	14
10450	167	99	213	82
10451	6	35	10	4
10452	5	16	2	9
10456	1	8	1	2
10460	5	22	3	3
10461	1	6	1	6
10465	11	36	14	24
10468	5	25	6	16
10472	3	5	3	8
10473	10	34	6	21
10474	9	9	7	12
10475	6	20	11	3
10476	4	24	5	6
10477	5	30	8	11
10481	0	4	2	1
10482	139	93	56	92
10488	4	8	4	3
10489	1	15	3	4
10491	4	17	3	10
10493	21	22	32	14
10494	48	64	46	26
10497	16	32	5	15
10499	4	4	4	0
10513	2	7	2	3
10519	1	5	2	0
10523	57	58	35	32
10524	8	32	4	20
10525	45	71	27	59
10533	30	44	20	14
10538	0	9	3	12
10544	122	81	53	71
10552	0	14	3	8
10553	2	5	0	4
10554	9	13	6	11
10555	13	25	11	19
10557	26	33	20	18
10558	8	26	2	8
10559	49	70	68	39
10574	12	43	46	23
10587	3	11	0	8
10589	8	20	2	11
10595	1	17	1	10
10600	9	29	2	8
10606	11	4	2	2
10607	5	23	6	11
10608	2	9	1	3
10610	1	7	2	6
10613	5	16	2	3
10614	18	49	9	12
10616	11	41	17	16
10617	74	47	64	39
10621	13	38	7	5
10623	4	25	5	22
10626	2	14	1	7
10628	9	21	6	6
10632	10	33	9	17
10641	59	46	76	40
10642	15	29	6	14
10643	6	10	6	8
10644	14	24	7	11
10645	6	39	7	15
10651	7	23	11	18
10652	28	36	56	27
10654	1	12	1	6
10657	38	46	24	28
10664	19	43	13	36
10668	4	20	7	5
10670	19	22	4	9
10671	4	27	3	9
10672	7	9	3	11
10673	6	12	2	7
10681	5	22	8	9
10682	149	88	165	55
10691	6	28	4	7
10694	5	43	20	12
10695	4	12	2	0
10721	4	4	0	0
10723	3	17	3	4
10725	5	13	2	7
10730	331	127	306	135
10732	16	58	20	32
10733	24	21	47	34
10736	8	11	7	8
10745	1	2	0	9
10746	2	11	0	3
10755	4	9	4	4
10765	0	8	3	3
10769	21	29	5	12
10771	14	30	4	8
10775	73	68	22	57
10776	5	12	3	7
10781	3	13	1	8
10782	2	11	3	5
10783	7	28	5	5
10793	19	19	15	11
10795	7	3	4	0
10797	479	163	438	172
10810	4	15	8	11
10813	8	24	3	8
10818	4	12	2	0
10827	14	42	15	29
10841	4	14	1	3
10845	4	6	3	1
10856	195	97	121	97
10857	0	3	0	3
10868	29	59	41	42
10873	3	29	3	11
10886	5	19	10	13
10887	0	17	6	2
10888	26	45	23	22
10891	4	17	6	7
10892	19	29	9	16
10898	11	32	4	12
10901	6	27	4	8
10902	1	3	0	0
10904	9	22	13	13
10906	1	17	7	7
10914	65	68	46	36
10915	5	18	2	10
10919	4	4	1	1
10921	35	38	36	25
10922	0	0	1	1
10923	9	36	6	6
10928	6	22	2	13
10929	4	18	5	13
10933	6	18	3	3
10939	9	30	10	23
10943	21	37	16	16
10950	0	4	1	0
10951	1	12	1	0
10953	20	38	26	27
10954	4	26	3	15
10955	26	37	5	12
10957	9	13	12	9
10962	7	19	2	9
10969	14	11	5	4
10971	18	31	13	17
10972	220	107	290	83
10973	15	14	0	9
10975	1	13	2	3
10987	4	16	3	9
10988	16	28	10	9
10991	13	43	23	22
11000	5	11	5	7
11004	36	48	40	27
11007	10	21	2	10
11011	11	34	8	13
11014	44	42	13	21
11015	46	66	34	47
11019	6	23	5	18
11031	3	16	1	9
11035	21	51	13	24
11040	4	15	5	7
11044	18	40	17	23
11057	21	19	9	25
11065	17	37	9	19
11072	12	16	2	2
11073	2	17	6	5
11083	34	74	32	52
11098	1	12	1	5
11099	3	5	4	0
11105	7	20	3	10
11108	12	25	2	9
11112	5	14	2	8
11113	20	39	15	15
11116	23	34	5	15
11124	3	18	16	9
11129	3	9	6	7
11136	5	24	2	4
11137	3	7	1	3
11140	10	22	5	4
11142	19	47	24	21
11143	2	23	4	11
11151	3	12	1	9
11154	1	1	1	1
11156	4	15	2	4
11157	1	16	4	7
11162	28	39	20	30
11164	37	42	18	28
11168	3	18	9	10
11179	1	16	2	4
11180	6	24	1	6
11182	4	14	3	7
11183	0	3	1	0
11184	1	2	0	1
11186	7	8	1	3
11188	5	18	4	3
11197	4	4	7	1
11198	4	24	5	11
11200	38	53	12	33
11212	2	15	0	6
11213	1	5	1	1
11214	17	34	13	10
11215	13	26	4	11
11230	69	71	35	29
11232	17	26	6	12
11243	39	64	51	26
11245	23	56	12	20
11254	6	36	3	6
11257	2	11	4	7
11262	9	29	6	10
11267	4	17	3	6
11284	111	71	67	70
11315	16	26	4	8
11319	3	18	7	10
11320	2	14	1	4
11325	57	64	44	46
11329	2	11	3	1
11331	22	41	48	32
11333	3	13	2	1
11335	3	5	3	1
11336	5	20	4	9
11340	31	39	15	13
11343	45	61	34	36
11344	26	30	23	12
22794	23	44	14	33
22796	1	27	7	6
22806	0	1	0	1
22809	13	11	7	8
22818	100	81	83	79
22823	73	77	40	64
22827	296	103	172	63
22828	8	27	2	9
22832	6	28	8	14
22841	5	7	4	2
22848	0	7	2	2
22850	1	3	2	3
22853	1	1	0	0
22858	0	0	0	1
22859	13	16	5	18
22868	0	5	2	3
22877	13	40	5	5
22883	1	6	0	0
22887	31	44	45	31
22889	32	52	29	26
22891	6	15	4	1
22894	2	10	2	6
22901	0	1	0	0
22903	2	5	0	2
22905	9	21	7	2
22908	2	10	0	3
22921	4	16	1	3
22926	198	99	129	133
22928	0	1	0	3
22930	4	15	3	9
22933	12	16	5	11
22934	21	24	22	22
22937	4	20	7	13
22938	43	55	95	45
22941	4	9	6	0
22943	7	24	3	3
22944	1	5	2	4
22949	8	22	3	5
22954	5	7	2	3
22955	9	20	3	13
22978	42	60	29	20
22983	0	0	1	0
23011	8	33	4	8
23012	3	7	1	1
23013	6	19	5	9
23014	6	23	6	3
23028	2	3	0	4
23029	46	60	28	34
23030	2	9	1	5
23031	0	2	1	0
23035	7	24	5	3
23038	10	14	1	4
23039	1	10	1	1
23043	1	13	1	3
23046	4	18	6	5
23047	1	21	1	5
23049	1	5	1	5
23057	2	15	4	6
23061	2	39	5	14
23062	1	8	1	1
23066	2	10	3	7
23067	4	8	1	1
23075	33	59	51	37
23076	2	18	1	0
23077	2	10	0	2
23081	10	33	6	11
23097	9	18	4	20
23102	11	33	7	17
23118	20	62	14	29
23119	6	18	5	7
23129	0	2	0	2
23131	15	20	7	7
23135	0	2	1	0
23139	53	32	62	29
23142	6	13	4	12
23149	11	47	3	21
23161	6	26	5	4
23178	1	1	1	2
23186	3	18	4	7
23192	1	5	2	2
23196	0	8	3	3
23200	36	38	27	22
23210	9	36	9	6
23211	1	8	5	9
23212	13	36	16	16
23223	18	39	9	20
23224	8	20	5	8
23235	2	9	2	4
23236	1	2	0	4
23239	2	30	4	10
23240	3	3	1	1
23242	3	10	1	3
23244	62	59	25	38
23252	9	42	11	3
23266	4	16	0	3
23271	1	31	3	13
23274	7	20	5	6
23291	1	8	2	8
23300	3	16	2	4
23303	0	8	1	1
23305	6	10	6	1
23314	5	10	3	8
23321	6	28	3	7
23325	1	11	3	0
23326	22	38	8	20
23335	3	7	1	3
23338	14	29	1	4
23344	36	71	55	19
23345	7	7	0	2
23355	2	12	3	2
23361	13	19	8	9
23365	1	6	1	0
23368	7	22	6	9
23369	3	21	2	15
23378	26	57	20	16
23380	5	11	2	6
23384	5	8	3	4
23386	7	23	6	10
23387	2	9	1	5
23395	7	29	8	9
23396	0	4	2	0
23401	72	77	61	39
23405	4	11	0	5
23408	4	22	0	9
23410	6	24	2	12
23411	8	12	1	6
23429	4	11	0	2
23435	25	54	30	32
23443	18	46	37	23
23451	34	68	30	63
23461	3	4	0	1
23462	1	6	1	2
23463	15	17	10	4
23464	23	34	14	19
23466	18	44	4	15
23475	25	57	8	36
23476	35	63	69	33
23483	59	67	35	36
23492	5	19	6	8
23495	0	5	4	1
23499	64	64	55	34
23509	12	44	6	22
23510	3	9	2	5
23512	70	64	49	34
23522	268	124	257	101
23523	4	20	2	9
23528	9	29	3	6
23530	6	10	7	12
23533	2	2	1	0
23534	3	10	5	6
23536	10	15	8	14
23549	17	29	10	16
23552	1	2	0	0
23564	4	6	4	7
23566	6	39	9	12
23576	18	24	13	9
23581	7	34	6	10
23585	8	15	4	2
23588	28	38	12	24
23596	2	4	1	2
23597	2	9	2	1
23604	1	0	0	0
23617	1	7	0	11
23621	4	16	3	4
23624	3	5	1	0
23635	13	29	7	20
23636	8	21	4	14
23647	28	30	8	8
23649	2	6	0	0
23650	11	22	3	9
23654	1	1	1	2
23657	1	4	4	0
23658	24	24	30	21
23659	2	3	2	2
23670	38	66	24	49
23677	1	10	0	1
23678	11	32	9	15
23683	1	1	1	0
23710	5	16	2	8
23729	0	11	0	6
23743	17	31	5	13
23753	9	22	10	16
23761	32	61	23	45
23770	3	18	4	9
23774	4	2	1	0
23786	5	17	3	16
24138	4	13	2	10
24140	4	26	4	11
24148	16	39	23	35
24149	20	38	6	19
25778	0	3	1	0
25793	87	69	97	38
25797	14	32	2	11
25799	32	42	9	20
25800	16	33	11	9
25801	3	24	5	8
25803	52	44	37	20
25805	14	34	22	20
25819	6	5	3	11
25824	4	16	2	7
25825	9	20	6	5
25836	5	9	4	15
25839	83	79	44	56
25842	4	23	4	7
25861	8	11	2	5
25865	8	34	2	14
25874	12	10	1	8
25885	3	10	1	1
25888	5	4	0	2
25898	4	7	2	1
25913	2	12	5	9
25925	0	9	0	4
25932	6	21	10	10
25937	11	21	8	6
25942	11	20	6	19
25948	8	9	3	7
25949	5	17	1	8
25966	74	76	46	41
25976	82	67	36	52
25987	6	12	2	6
25989	29	59	26	35
26001	5	28	14	8
26007	2	4	0	0
26020	22	27	9	8
26036	7	6	5	5
26039	3	17	1	2
26054	16	34	21	24
26064	7	7	2	2
26086	13	43	17	15
26108	2	7	2	1
26128	3	22	2	8
26136	1	10	0	1
26137	59	57	59	42
26147	5	23	4	3
26149	16	51	20	39
26191	3	6	2	1
26205	4	9	1	4
26227	14	28	3	9
26229	1	11	2	2
26235	8	26	4	5
26271	1	5	1	4
26277	17	40	13	28
26292	20	21	8	1
26298	0	18	1	9
26301	8	18	4	6
26353	2	11	0	4
26472	57	58	27	24
26511	6	15	3	4
26520	18	32	8	14
26523	1	13	3	9
26524	1	3	1	0
26574	9	33	4	11
26576	1	2	0	3
26750	1	2	1	2
26762	10	22	5	9
26959	9	13	8	7
26986	132	62	56	62
26993	88	77	129	75
26994	8	26	10	24
26996	1	11	3	8
27010	1	4	0	0
27020	74	84	55	44
27032	79	62	83	43
27034	1	22	6	4
27035	24	42	21	22
27076	3	22	0	8
27095	49	59	31	25
27097	0	2	3	2
27102	0	9	2	0
27109	17	22	18	10
27113	4	28	4	17
27125	18	41	26	38
27148	4	19	4	6
27154	37	47	16	20
27161	4	15	1	5
27185	7	18	7	11
27197	4	12	5	4
27198	12	25	6	9
27199	6	17	6	5
27201	15	40	3	13
27231	1	13	4	9
27241	24	46	7	38
27242	98	84	49	44
27243	98	84	81	59
27244	20	42	7	21
27297	1	7	1	3
27316	18	37	4	8
27330	1	0	0	0
27333	6	24	9	19
27336	7	14	7	2
27346	4	14	3	11
27347	16	31	8	18
27430	0	4	1	5
27445	2	7	2	3
28511	4	5	4	8
28512	6	15	5	5
28514	0	2	4	0
28951	0	7	1	3
28955	0	0	0	1
28960	139	110	152	95
28964	9	20	4	11
28969	18	31	10	9
28985	1	6	1	0
28996	0	1	1	0
29074	4	35	3	13
29078	24	56	16	39
29079	8	34	3	15
29082	24	35	5	3
29083	6	20	5	5
29102	13	41	7	10
29103	4	13	1	13
29110	35	59	19	38
29116	0	14	7	3
29760	2	3	0	2
29763	20	37	10	9
29775	0	14	1	4
29850	8	30	6	8
29880	1	16	0	5
29883	15	33	6	24
29888	9	38	5	7
29890	6	25	4	6
29899	3	13	4	2
29904	1	3	1	2
29911	20	43	21	10
29915	13	38	2	15
29916	2	7	5	3
29922	0	8	4	4
29928	8	13	5	6
29933	0	4	0	1
29937	27	30	28	13
29940	2	14	0	5
29941	0	0	1	0
29946	2	12	1	4
29947	6	5	2	1
29956	1	12	1	5
29957	11	26	2	6
29959	7	30	9	22
29968	2	3	0	2
29978	34	52	14	19
29982	1	17	6	5
29984	8	12	4	11
29994	2	19	2	6
29998	1	3	1	5
30001	8	10	5	6
30811	1	4	2	2
30836	42	48	19	23
30849	34	54	8	21
50488	0	4	0	0
50604	20	55	9	13
50808	68	76	70	66
50810	51	72	62	48
50813	24	36	10	14
50814	72	48	41	22
50846	6	24	8	7
50865	31	40	28	35
50943	8	22	3	4
51001	3	10	1	2
51002	14	25	17	23
51005	15	32	4	13
51014	2	10	2	4
51015	36	50	60	53
51021	64	34	47	12
51022	9	23	14	15
51024	2	3	0	1
51026	4	25	6	10
51027	1	17	0	8
51031	3	4	2	3
51053	8	38	5	22
51056	6	14	6	13
51070	33	36	20	22
51071	17	33	10	24
51079	1	4	3	3
51086	0	1	0	0
51096	3	23	0	13
51097	10	20	7	20
51105	2	6	3	0
51109	4	8	1	3
51116	15	14	4	9
51128	3	9	2	7
51131	1	18	5	4
51135	1	15	1	0
51160	58	43	59	52
51170	7	43	6	34
51172	5	17	1	12
51174	18	43	12	20
51176	11	15	5	9
51181	2	4	0	3
51182	24	35	7	14
51203	9	29	6	7
51222	9	31	6	11
51231	25	48	21	30
51265	1	3	0	0
51268	0	15	1	5
51271	6	19	5	4
51274	7	32	6	9
51282	4	3	0	2
51284	31	58	13	29
51290	84	71	112	43
51292	18	13	1	13
51293	48	32	24	16
51295	53	68	18	31
51311	1	11	1	1
51314	0	1	0	1
51330	5	16	2	6
51335	12	10	2	13
51347	38	51	18	17
51375	13	36	9	15
51380	8	25	6	9
51382	61	58	141	34
51385	14	36	19	22
51422	4	13	2	3
51433	2	8	1	1
51441	6	22	11	17
51444	6	19	6	13
51447	4	16	2	3
51451	10	22	9	13
51460	6	12	2	4
51465	5	17	2	7
51466	2	10	1	3
51478	0	5	1	2
51495	21	40	7	20
51520	4	18	1	10
51530	2	7	0	0
51545	0	13	1	3
51547	2	8	2	7
51548	1	9	5	9
51564	20	37	14	20
51569	6	18	3	5
51586	8	27	4	18
51588	14	22	5	17
51593	37	63	47	34
51599	2	13	1	5
51601	7	22	10	10
51635	129	76	117	80
51655	3	15	2	4
51678	0	2	0	0
51684	10	16	8	6
51701	5	21	0	3
51704	7	18	5	4
51715	4	22	7	4
51719	2	3	4	6
51720	2	18	1	16
51727	5	39	4	8
51728	11	27	6	5
51734	2	15	5	7
51741	21	57	13	31
51742	3	7	0	4
51750	11	36	5	10
51752	8	26	5	10
51755	0	3	0	0
51776	23	42	13	15
51804	2	17	4	8
51805	2	2	2	2
53340	3	13	2	2
53343	174	103	118	105
53347	15	27	7	9
53354	1	0	1	1
53632	3	19	7	11
53831	18	37	9	14
53834	1	6	0	4
53836	3	13	1	11
53904	0	5	0	2
53944	0	1	2	0
54101	0	10	3	5
54103	0	2	0	2
54106	16	38	12	16
54107	4	4	2	3
54108	13	27	6	6
54205	8	33	6	8
54206	2	11	1	7
54386	25	46	36	39
54407	1	2	0	2
54438	8	44	2	22
54442	3	25	3	12
54469	23	66	10	36
54472	148	70	52	48
54490	3	14	3	7
54498	1	16	3	7
54499	11	13	5	5
54505	51	69	103	76
54512	45	64	27	37
54536	1	5	0	3
54541	126	93	100	72
54546	34	38	10	12
54555	234	129	224	106
54556	21	33	5	13
54566	4	18	7	10
54578	2	6	2	5
54583	22	39	12	40
54584	2	12	3	3
54600	2	6	1	4
54620	4	14	4	4
54623	154	99	165	89
54658	9	33	4	4
54659	8	21	1	3
54677	2	18	1	1
54681	29	49	25	28
54732	0	10	4	5
54733	8	28	14	12
54749	5	19	3	7
54788	12	29	8	10
54805	3	6	2	7
54807	1	12	0	5
54811	21	33	5	16
54815	8	34	6	11
54821	52	52	27	25
54822	0	1	0	0
54850	24	43	60	49
54851	30	53	19	28
54861	23	50	3	45
54881	5	5	5	2
54884	8	31	3	12
54899	4	30	2	3
54901	3	10	1	3
54915	6	17	4	7
54925	1	15	0	8
54931	2	4	0	3
54941	93	56	43	43
54957	27	32	18	23
54963	2	2	1	6
54986	0	1	1	0
54998	12	41	3	16
55008	5	7	2	2
55011	19	34	11	14
55012	2	12	1	5
55031	6	5	1	6
55033	0	6	3	0
55038	28	33	11	12
55054	18	33	36	20
55082	30	48	14	35
55107	8	17	3	7
55111	13	43	20	29
55120	10	37	28	20
55127	5	11	0	7
55129	87	74	58	99
55139	4	10	1	3
55143	1	12	1	1
55148	8	9	1	5
55163	14	26	7	5
55165	52	53	21	38
55176	24	41	8	16
55179	7	17	1	2
55191	19	20	12	15
55192	0	5	0	2
55193	14	23	2	17
55206	4	15	2	8
55214	3	21	6	8
55224	3	9	1	3
55226	6	18	7	4
55229	14	29	5	10
55234	7	23	7	9
55239	6	22	8	12
55256	0	16	3	9
55260	0	3	0	0
55274	15	32	5	6
55277	0	1	0	0
55278	190	108	76	110
55290	4	9	4	6
55300	34	57	19	28
55311	6	32	8	14
55312	20	25	3	20
55324	2	11	3	1
55328	2	5	2	0
55351	1	4	0	0
55359	0	7	1	4
55361	1	1	1	1
55366	2	4	0	2
55379	10	30	5	12
55422	3	12	0	1
55423	2	3	0	0
55437	11	27	9	10
55486	33	55	30	32
55500	10	24	2	20
55504	7	7	4	6
55509	12	27	3	13
55526	19	19	14	11
55532	4	5	4	4
55536	25	31	14	13
55556	37	70	35	57
55558	0	7	0	1
55561	1	3	0	0
55577	1	11	1	5
55589	1	0	0	0
55604	6	12	4	15
55608	10	23	8	13
55612	4	17	6	9
55617	2	2	2	2
55620	2	1	3	0
55631	7	25	1	9
55632	0	8	4	5
55634	5	36	5	15
55644	3	16	2	10
55646	0	1	0	0
55654	4	5	0	2
55657	5	12	2	2
55662	27	40	16	17
55699	35	28	39	14
55703	17	37	10	12
55715	2	16	4	5
55718	6	9	1	2
55722	21	49	20	15
55723	2	11	2	2
55728	0	2	0	1
55746	12	31	6	7
55748	5	13	1	4
55750	0	10	0	1
55770	3	16	2	4
55781	21	33	15	11
55793	6	23	4	7
55802	1	19	1	12
55809	2	11	0	1
55810	2	9	4	4
55818	46	68	23	48
55825	5	10	1	2
55832	1	14	2	7
55837	14	34	12	22
55847	10	6	4	9
55851	1	6	0	3
55869	6	15	0	5
55872	3	7	0	1
55876	20	30	9	9
55890	19	42	3	5
55892	8	38	4	7
55893	3	10	1	4
55897	2	19	0	6
55907	1	13	2	4
55914	4	5	2	1
55937	4	11	5	5
55958	3	28	3	3
55968	4	19	3	5
56033	8	20	4	8
56034	0	2	0	0
56139	6	12	4	17
56155	3	5	0	2
56164	0	7	2	0
56269	1	2	1	1
56521	4	8	0	1
56616	34	60	11	20
56647	8	31	13	15
56654	2	7	6	3
56670	5	21	3	6
56675	7	38	5	11
56731	11	29	2	4
56834	2	7	0	0
56848	9	26	15	16
56882	5	17	6	7
56889	49	27	71	32
56916	3	14	2	4
56922	2	17	2	7
56923	10	40	14	26
56924	1	1	0	0
56938	8	21	7	9
56940	16	38	11	18
56944	0	3	0	0
56956	21	48	14	8
56993	12	39	5	10
56997	57	56	73	48
56998	48	51	27	26
57007	1	16	7	9
57018	2	5	0	4
57019	2	5	0	1
57026	4	18	5	16
57048	12	24	6	8
57057	12	22	11	10
57117	4	8	2	12
57118	1	1	3	2
57121	6	8	1	1
57143	0	3	0	0
57144	1	4	0	2
57147	14	38	8	20
57149	2	15	2	9
57154	14	43	5	13
57157	1	17	5	14
57167	7	25	1	7
57172	1	13	0	4
57178	65	64	41	33
57192	5	16	4	7
57211	9	26	2	17
57215	5	19	2	11
57222	2	5	2	7
57326	10	23	5	11
57396	6	18	5	5
57404	4	10	0	2
57406	5	17	0	8
57407	1	18	5	4
57410	1	4	1	0
57448	62	54	46	29
57459	4	14	4	6
57474	19	36	9	16
57491	0	7	1	6
57504	7	21	8	17
57507	1	0	1	5
57512	2	15	2	3
57520	8	15	4	5
57521	18	42	9	22
57534	2	1	0	0
57538	1	0	0	1
57541	11	29	19	32
57547	7	33	8	8
57551	0	10	1	9
57594	1	7	3	1
57616	45	57	25	21
57623	6	15	4	4
57634	7	18	4	6
57657	1	11	1	7
57661	3	15	5	3
57665	2	17	3	3
57680	15	20	18	30
57684	7	14	6	14
57693	5	30	5	9
57720	1	12	4	9
57721	2	20	4	9
57761	4	16	4	5
57787	8	36	5	16
57798	73	69	38	50
57804	7	19	2	6
57819	1	6	2	5
57822	2	15	3	6
58158	3	6	2	0
58190	16	30	2	6
58472	19	32	24	24
58477	9	42	11	14
58478	16	19	8	6
58492	4	14	5	8
58495	4	25	6	11
58497	6	8	1	6
58499	6	12	3	8
58508	17	36	11	17
58528	15	38	13	7
58533	12	34	16	15
58538	0	2	1	1
59286	3	15	8	13
59343	11	24	3	10
59348	0	10	0	9
59350	2	2	2	4
59352	24	47	20	21
60468	4	15	0	1
60493	20	34	4	7
60528	16	28	22	20
60598	14	25	3	13
63027	1	8	3	4
63874	3	5	1	3
63891	14	25	8	6
63892	56	57	16	33
63929	21	37	7	11
63933	13	37	2	15
63941	2	5	1	0
63948	1	12	3	6
64067	5	8	3	2
64077	7	21	2	9
64080	25	27	13	28
64087	6	7	1	3
64089	1	0	0	1
64094	8	13	5	4
64116	6	14	0	0
64121	8	28	9	11
64122	1	3	3	0
64123	1	15	1	4
64127	6	23	1	3
64135	3	5	0	2
64147	1	10	1	3
64167	5	10	0	2
64170	88	65	56	39
64175	3	6	4	2
64215	47	66	20	56
64219	2	20	4	10
64223	12	34	9	22
64240	7	4	2	14
64241	6	14	2	3
64282	2	3	0	5
64319	3	9	1	4
64324	2	14	2	7
64326	14	34	7	10
64333	0	5	0	4
64343	1	6	1	5
64376	3	16	2	15
64398	1	3	1	1
64400	1	19	3	15
64407	19	36	10	29
64422	6	26	2	3
64425	1	9	3	5
64428	6	10	3	2
64429	2	6	3	0
64478	2	3	4	0
64710	28	41	52	22
64714	0	4	0	1
64746	14	29	13	20
64750	17	28	5	13
64754	3	1	1	1
64764	48	68	51	52
64768	0	3	2	2
64781	2	7	0	1
64783	9	26	4	17
64786	81	73	47	66
64798	1	4	5	3
64805	9	11	3	5
64858	0	14	1	2
64863	6	16	4	5
64921	1	14	3	2
64943	0	5	1	1
65018	0	3	2	1
65057	3	4	1	1
65061	1	4	1	0
65123	6	16	1	4
65125	0	12	1	2
65217	5	16	3	7
65220	0	9	4	3
65243	12	26	12	11
65263	2	29	5	14
65264	2	14	2	3
65266	1	6	0	1
65267	0	0	0	1
65268	0	3	1	1
65975	29	62	46	57
66008	24	49	12	27
79001	3	9	1	3
79006	3	16	5	5
79012	0	4	3	3
79017	11	20	9	12
79071	8	9	7	4
79072	0	4	3	0
79073	77	68	86	50
79080	25	51	16	27
79088	1	6	2	2
79090	12	20	3	12
79094	6	8	3	10
79109	1	20	4	9
79135	2	7	3	8
79139	1	19	3	6
79142	37	60	16	26
79143	16	15	12	13
79145	5	35	5	24
79170	7	28	1	20
79174	2	8	1	1
79177	5	15	2	7
79187	17	30	7	12
79258	4	11	0	4
79366	3	8	2	4
79581	2	17	6	6
79600	6	11	4	12
79603	10	35	9	13
79618	3	15	1	3
79643	2	6	2	1
79646	0	2	0	0
79672	1	1	1	0
79675	0	2	0	1
79705	7	16	2	7
79711	20	43	3	15
79712	3	14	3	5
79716	6	14	2	4
79722	6	10	4	2
79724	64	73	54	48
79727	14	33	10	30
79733	6	7	5	6
79751	2	6	3	3
79759	1	14	0	2
79796	2	22	3	8
79834	2	12	1	8
79837	4	11	2	6
79850	3	8	2	4
79858	0	2	0	1
79862	1	6	1	1
79885	9	23	5	12
79891	5	24	4	8
79894	0	8	1	3
79902	21	18	3	9
79906	0	3	0	1
79921	4	7	2	2
79923	11	19	4	6
79934	0	3	3	1
79947	24	40	13	30
79960	7	20	2	4
79961	3	18	3	4
80018	5	15	3	6
80025	2	9	0	0
80122	0	4	0	1
80135	5	7	5	1
80150	17	28	4	8
80201	0	2	0	0
80204	16	42	20	29
80212	3	8	2	6
80216	0	5	2	3
80218	0	1	0	1
80230	11	37	8	13
80237	6	20	8	9
80243	1	2	2	0
80271	1	0	2	1
80274	4	15	3	8
80306	3	18	1	7
80314	11	30	8	13
80319	0	0	1	0
80347	36	34	29	20
80349	56	46	24	18
80351	3	8	0	1
80380	1	8	0	2
80714	3	9	6	5
80746	1	13	1	4
80758	6	16	2	4
80762	4	6	2	7
80777	11	36	9	7
80818	8	28	4	2
80851	0	2	0	0
80854	4	10	2	6
81034	10	25	5	8
81533	4	27	7	7
81539	1	20	0	9
81544	9	36	3	12
81550	4	16	1	2
81570	48	49	59	53
81577	9	25	18	22
81579	7	11	1	9
81611	2	4	2	3
81620	5	11	0	0
81621	4	14	0	4
81629	0	3	0	1
81788	0	2	2	2
81848	2	17	6	6
81856	1	10	5	1
81876	7	42	1	16
81892	15	13	6	6
81894	22	40	3	14
83439	14	37	10	6
83440	21	30	15	22
83448	44	53	22	33
83463	4	23	5	15
83549	0	2	0	1
83550	164	77	48	71
83551	6	11	3	7
83593	6	17	7	14
83637	27	62	9	16
83694	26	30	5	15
83729	7	13	3	8
83732	0	1	3	1
83737	7	32	6	15
83743	19	43	12	29
83873	0	12	1	2
83881	4	10	3	5
83903	1	2	2	0
83931	1	3	4	4
83933	4	10	9	3
83939	2	15	0	1
83942	0	0	1	0
83983	1	1	0	0
83999	13	55	10	32
84033	1	2	3	0
84108	3	9	4	5
84109	4	4	2	4
84159	4	9	1	4
84189	2	3	0	1
84197	1	4	2	2
84206	14	18	4	17
84231	6	16	2	5
84254	1	1	2	0
84284	0	1	2	2
84288	6	27	5	21
84290	24	36	16	22
84328	17	44	36	18
84333	8	22	2	2
84335	3	5	2	1
84365	12	28	9	9
84433	4	12	3	6
84435	4	15	6	1
84444	1	17	2	2
84446	0	2	2	1
84449	4	3	2	10
84451	21	39	5	17
84515	16	45	13	28
84525	10	12	2	5
84527	0	19	5	8
84539	1	13	3	7
84547	57	65	33	34
84617	19	32	16	6
84619	4	16	2	5
84630	1	3	0	0
84634	4	27	5	5
84636	5	16	7	9
84647	0	9	3	7
84661	2	5	2	6
84669	12	50	5	18
84722	24	46	18	30
84759	4	6	5	1
84765	1	5	4	2
84775	2	15	3	13
84811	3	14	1	8
84823	34	51	18	21
84838	1	10	2	2
84844	12	28	16	27
84867	2	7	2	1
84873	7	37	5	14
84875	10	29	8	15
84878	9	27	12	15
84890	22	41	8	17
84923	17	35	10	17
84930	2	18	0	5
84936	21	39	17	17
84961	6	10	1	6
84969	4	19	1	20
84971	4	19	3	7
85004	3	22	1	5
85236	96	85	35	71
85315	8	24	11	8
85358	4	13	3	5
85366	0	3	1	3
85377	0	5	2	1
85442	172	100	53	86
85443	1	2	0	1
85458	4	8	3	4
85480	2	13	5	8
85481	0	4	0	0
89765	5	4	2	8
89766	17	36	7	28
89845	4	10	1	5
89849	16	29	6	9
89857	2	2	0	2
89882	3	25	2	6
89884	5	10	6	10
89910	13	45	18	18
90233	0	6	2	6
90589	5	24	2	7
90649	2	12	4	11
90655	10	15	10	8
90678	56	64	55	41
90861	16	20	10	19
90956	0	6	2	1
90993	2	7	2	1
91133	2	12	5	7
91137	3	5	2	1
91156	2	9	2	3
91392	3	5	4	6
91419	0	2	0	1
91433	23	55	13	26
91461	0	3	2	1
91464	15	44	7	17
91584	0	1	0	1
91603	0	1	1	0
91754	15	31	9	2
91807	2	2	2	0
91949	13	29	5	6
91975	14	27	4	6
92335	2	4	1	2
92595	10	12	10	8
92609	3	10	3	6
93134	11	31	3	13
93185	11	28	6	7
93349	2	12	1	1
93487	7	25	3	14
93594	37	68	32	21
93627	2	9	1	8
94103	4	15	6	9
94233	4	17	4	8
94234	2	17	2	7
94235	8	18	3	8
94239	7	30	4	7
112398	2	7	1	7
112812	9	34	7	27
112858	12	38	9	30
112885	131	83	101	78
113878	0	3	1	1
114026	201	96	100	59
114112	7	13	6	12
114609	3	12	1	0
114783	1	5	1	2
114785	7	20	5	13
114836	1	10	1	5
114904	9	27	3	14
115196	2	17	1	4
115201	3	16	7	13
115330	10	19	5	6
115509	20	30	4	11
115560	8	34	10	20
115650	5	31	3	5
115701	1	4	3	0
115727	3	3	3	1
115950	4	23	8	9
115992	13	37	15	13
116039	0	4	0	3
116113	5	21	0	4
116443	18	13	5	13
116511	3	9	3	6
116512	9	8	0	3
116519	8	24	3	9
116535	4	20	8	15
116832	1	11	1	4
116931	6	19	3	7
116985	8	31	5	12
117154	14	21	4	20
117194	5	15	3	12
117195	8	14	5	5
117196	23	60	14	16
117283	1	6	2	0
117289	11	26	5	14
117581	2	15	2	5
117608	10	32	6	11
118442	10	26	10	12
118738	6	8	9	18
120103	2	13	2	7
120892	4	27	4	4
121549	7	21	8	21
121599	16	31	6	12
122011	6	28	5	17
122402	8	14	2	7
122481	0	1	1	2
122618	3	13	5	11
122809	0	4	1	4
123803	3	13	0	4
124274	15	25	11	30
124535	7	28	3	5
124583	3	22	4	5
124626	23	33	5	15
124641	1	12	3	9
124923	0	0	0	1
124961	11	42	10	10
125919	2	19	7	5
125950	6	26	8	11
125965	0	14	2	1
126208	5	14	4	9
126295	5	16	4	0
126375	1	10	0	4
126626	6	15	0	5
126638	9	16	3	3
126823	4	29	7	9
127396	24	48	19	25
127540	6	30	4	8
127933	0	5	1	4
128368	8	21	5	9
128674	8	13	5	6
129685	2	11	0	1
130106	0	1	0	0
130399	1	0	2	0
130497	1	9	2	2
131890	0	1	2	0
132158	0	8	2	5
132243	2	9	3	0
133522	5	13	4	14
133690	7	8	1	11
134187	15	20	4	14
134288	4	7	1	0
134391	4	7	3	3
134860	2	12	3	6
134864	15	22	7	7
136051	4	19	2	11
136259	6	17	3	9
136332	0	2	1	1
137209	9	21	2	8
138429	0	2	1	0
138474	0	1	2	2
139135	8	31	6	6
139189	1	7	0	11
139378	2	9	3	2
139728	3	3	0	3
139760	7	29	3	8
140465	1	8	1	9
140469	2	5	1	5
140609	187	81	63	93
140612	2	10	4	4
140685	10	21	7	11
140690	1	11	1	3
140735	0	19	3	3
140803	2	3	0	0
140901	1	3	0	1
143098	0	1	0	2
143187	12	28	4	17
143471	8	8	2	8
144811	8	16	3	8
145258	1	14	0	5
146050	9	15	2	8
146057	1	1	1	0
146434	5	17	1	10
146540	8	30	9	32
146713	2	11	2	0
147179	6	25	5	7
147183	12	35	3	22
147686	5	35	4	13
147694	7	11	6	9
147746	0	3	0	3
147807	16	34	7	19
147837	1	10	2	4
147948	6	20	4	9
147949	2	8	2	3
148103	4	18	3	10
148156	12	23	5	10
148327	10	25	6	13
148479	6	23	6	5
149233	40	56	26	21
149420	1	2	0	0
149428	1	5	4	1
149998	0	1	0	0
150094	28	42	12	18
150280	7	27	4	2
150962	6	15	0	8
151112	5	29	5	2
151126	14	35	9	23
151306	18	44	6	11
151636	3	6	4	4
151742	6	13	5	8
152110	2	2	3	2
152687	29	53	32	18
153830	3	9	1	1
154197	3	8	2	2
157285	0	1	1	1
158067	1	16	2	11
159296	147	108	143	116
160365	1	5	0	0
160851	3	16	5	10
161725	65	53	79	43
162239	2	12	2	11
162427	1	1	1	3
162655	6	19	4	5
162699	0	21	2	11
162963	4	8	5	7
162979	3	20	4	7
163049	18	25	1	7
163059	19	40	10	22
163071	9	13	6	1
163081	5	26	2	10
163486	2	7	1	5
163688	9	30	3	5
164091	5	11	6	7
164668	7	21	7	12
164832	1	6	1	6
165082	2	18	3	12
165140	1	15	2	11
165829	2	14	7	14
166614	3	27	3	27
166647	8	29	8	20
166793	6	26	3	12
167359	1	23	4	8
167465	24	43	3	34
167826	25	36	13	24
168374	0	9	5	3
168433	3	3	0	2
169026	3	8	4	5
169270	18	42	15	19
169792	6	12	0	1
169841	7	8	3	3
170302	3	14	2	4
170392	0	3	1	0
170463	4	28	11	15
170591	2	16	3	7
171017	18	16	12	12
192286	7	15	2	11
192669	5	10	2	4
197258	0	1	1	1
197259	0	3	4	0
199704	10	27	5	3
199777	4	25	5	21
200081	3	16	25	20
200576	6	0	0	3
200734	5	15	4	4
200879	34	53	12	34
201516	1	8	1	6
201799	1	11	3	4
202374	0	2	2	3
203054	0	5	3	7
203447	0	1	1	0
203523	3	30	2	15
204219	0	10	3	4
204851	6	23	1	6
205564	3	20	1	5
206358	5	23	1	13
219333	1	10	0	1
221188	6	23	8	22
221391	3	6	0	4
221393	4	21	8	8
221692	39	70	56	52
221823	1	0	0	3
221895	140	72	43	49
222545	28	66	34	26
222546	0	10	2	7
222611	25	43	21	22
222894	3	12	2	3
225689	1	4	0	1
246778	6	21	3	8
253260	8	27	1	21
253430	0	10	0	3
255239	0	5	1	0
255725	7	25	5	9
255738	3	12	5	16
255877	4	23	6	8
256281	5	18	3	9
256297	1	6	2	0
256356	0	12	1	3
256364	21	29	6	5
257397	4	17	3	6
259249	12	37	3	11
259266	1	4	0	0
260425	0	4	0	2
266977	18	44	10	24
282974	0	3	1	1
283078	3	22	4	2
283149	0	1	0	0
283150	6	23	2	8
283383	3	10	4	5
283455	19	27	4	20
283629	1	1	1	0
284058	3	6	7	3
284086	5	22	1	11
284119	16	31	11	18
284312	1	20	3	7
285220	11	30	8	16
285267	3	3	1	5
285268	2	13	2	7
285601	1	13	4	3
285676	2	5	0	2
286075	7	10	2	4
286380	4	14	9	8
286530	10	25	8	8
317701	0	7	1	3
317703	2	14	1	2
317705	2	13	6	3
319100	2	8	3	8
333929	2	8	1	11
337867	10	22	6	10
338557	4	7	5	3
339327	23	30	14	22
339403	4	8	2	4
339500	4	21	2	12
339906	6	22	4	6
340156	1	3	1	0
340273	5	23	4	7
340371	27	52	11	14
340385	138	86	109	49
341676	0	0	1	0
342357	12	22	5	5
342926	3	15	5	2
344387	9	14	3	12
344561	4	12	2	7
345611	14	24	3	5
347359	1	8	0	7
347736	34	37	6	13
350383	4	26	2	9
353288	4	10	3	6
353322	7	9	5	9
353345	4	14	5	3
360023	28	24	13	13
374291	3	14	4	5
375133	14	50	5	27
375298	1	2	1	1
375318	19	36	10	15
375346	2	11	1	1
375449	124	119	191	82
386724	104	91	98	44
387129	3	9	4	2
387509	5	35	5	6
387893	1	7	1	1
388228	0	1	0	1
388585	7	11	4	8
388650	17	42	13	22
388677	12	37	11	14
389114	11	35	3	6
389421	16	30	11	11
389840	1	0	1	0
389906	1	2	1	1
390148	7	19	4	12
390212	8	14	1	6
390877	0	2	0	0
390980	3	13	4	6
391013	4	9	2	1
392226	0	6	0	1
399664	2	6	4	8
399665	4	13	0	8
399694	2	24	3	10
400569	9	30	4	9
402679	14	34	10	20
415116	0	6	4	3
431707	31	43	23	36
440275	0	4	0	2
440387	32	38	90	38
440435	5	9	4	4
474354	2	13	1	1
654780	381	143	344	122
728642	1	16	0	2
729967	0	1	0	0
100124696	0	1	2	0
100131827	3	14	2	4
100133941	0	9	0	7
